USE [CLOCKSTOREWEB]
GO
INSERT [dbo].[KhachHangs] ([user], [password], [name], [phone], [mail], [address], [gender], [dateborn], [status]) VALUES (N'hung', N'$2a$11$XEBzrWRO7huzaPNtZzbo2u19kRZzXKeQ4VwH1hMLta2Tfoh1oUONy', N'Võ Minh Hưng', N'0379783638', N'hung@gmail.com', N'Hồ Chí Minh', N'Nam', CAST(N'2000-01-22 00:00:00.0000000' AS DateTime2), 1)
INSERT [dbo].[KhachHangs] ([user], [password], [name], [phone], [mail], [address], [gender], [dateborn], [status]) VALUES (N'thien', N'$2a$11$XEBzrWRO7huzaPNtZzbo2u19kRZzXKeQ4VwH1hMLta2Tfoh1oUONy', N'Nguyễn Ngọc Thiện', N'0364117408', N'tructruong.070202@gmail.com', N'Bình Định', N'Nam', CAST(N'2000-05-08 00:00:00.0000000' AS DateTime2), 1)
INSERT [dbo].[KhachHangs] ([user], [password], [name], [phone], [mail], [address], [gender], [dateborn], [status]) VALUES (N'thien405', N'$2a$11$XEBzrWRO7huzaPNtZzbo2u19kRZzXKeQ4VwH1hMLta2Tfoh1oUONy', N'Cung Xương Hồng Thiên', N'0379783638', N'Thien123456789@gmail.com', N'Hồ Chí Minh', N'Nam', CAST(N'2000-01-22 00:00:00.0000000' AS DateTime2), 1)
INSERT [dbo].[KhachHangs] ([user], [password], [name], [phone], [mail], [address], [gender], [dateborn], [status]) VALUES (N'thinh', N'$2a$11$XEBzrWRO7huzaPNtZzbo2u19kRZzXKeQ4VwH1hMLta2Tfoh1oUONy', N'Nguyễn Phước Thịnh', N'0379783638', N'phuocthinh22012000@gmail.com', N'Hồ Chí Minh', N'Nam', CAST(N'2000-01-22 00:00:00.0000000' AS DateTime2), 1)
SET IDENTITY_INSERT [dbo].[Quyens] ON 

INSERT [dbo].[Quyens] ([Id], [name], [details]) VALUES (1, N'Nhân viên nhập hàng', N'qlNhapHang-qlSanPham-qlPhieuNhap-qlNCC-qlThongKe-qlLoaiSanPham-qlThuongHieu')
INSERT [dbo].[Quyens] ([Id], [name], [details]) VALUES (2, N'Nhân viên bán hàng', N'xemSanPham-qlHoaDon-xemKhachHang-qlThongKe-xemThuongHieu')
INSERT [dbo].[Quyens] ([Id], [name], [details]) VALUES (3, N'Quản lý', N'qlNhanVien-xemSanPham-xemHoaDon-qlKhachHang-xemPhieuNhap-xemNCC-qlTaiKhoan-qlThongKe-qlLoaiSanPham-qlThuongHieu')
INSERT [dbo].[Quyens] ([Id], [name], [details]) VALUES (4, N'Admin', N'qlNhapHang-qlNhanVien-qlSanPham-qlHoaDon-qlKhachHang-qlPhieuNhap-qlNCC-qlTaiKhoan-qlQuyen-qlThongKe-qlLoaiSanPham-qlThuongHieu')
SET IDENTITY_INSERT [dbo].[Quyens] OFF
INSERT [dbo].[NhanViens] ([user], [password], [name], [phone], [address], [gender], [dateborn], [quyenId], [status]) VALUES (N'admin', N'$2a$11$83ifyxd7YmEfs99K.S2TdebBUs2ly3WFL.0u2QmXnS22A0d4JgnoC', N'Nguyễn Ngọc Thiện', N'0364117408', N'Bình Định', N'Nam', CAST(N'2000-05-08 00:00:00.0000000' AS DateTime2), 4, 1)
INSERT [dbo].[NhanViens] ([user], [password], [name], [phone], [address], [gender], [dateborn], [quyenId], [status]) VALUES (N'bh01', N'$2a$11$eQgL4nlVRu2/O78Gun.Dh.aufNn2yKLfpwH5gpwa/pUMiUTKyQ.pi', N'Cung Xương Hồng Thiên', N'0364117408', N'Hồ Chí Minh', N'Nam', CAST(N'2000-05-08 00:00:00.0000000' AS DateTime2), 2, 1)
INSERT [dbo].[NhanViens] ([user], [password], [name], [phone], [address], [gender], [dateborn], [quyenId], [status]) VALUES (N'nh01', N'$2a$11$lf4g3ae0K7DVW3vePtGYj.6OR4isfAAjzWx5/fh/7yyAa503toavm', N'Võ Minh Hưng', N'0364117408', N'Hồ Chí Minh', N'Nam', CAST(N'2000-05-08 00:00:00.0000000' AS DateTime2), 1, 1)
INSERT [dbo].[NhanViens] ([user], [password], [name], [phone], [address], [gender], [dateborn], [quyenId], [status]) VALUES (N'ql01', N'$2a$11$zfZowh2tRyQqr4Xi1Jwviex3WJLLrlpv4g8o8X9lRPKrUhmgQnWSy', N'Nguyễn Phước Thịnh', N'0364117408', N'Hồ Chí Minh', N'Nam', CAST(N'2000-05-08 00:00:00.0000000' AS DateTime2), 3, 1)
SET IDENTITY_INSERT [dbo].[HoaDons] ON 

INSERT [dbo].[HoaDons] ([Id], [KHuser], [NVuser], [phone], [address], [date_receice], [date_order], [total], [status]) VALUES (1, N'thien405', N'bh01', N'0364117408', N'Hồ Chí Minh', CAST(N'2020-05-08 05:04:06.0000000' AS DateTime2), CAST(N'2020-05-18 05:04:06.0000000' AS DateTime2), 5480000, 1)
INSERT [dbo].[HoaDons] ([Id], [KHuser], [NVuser], [phone], [address], [date_receice], [date_order], [total], [status]) VALUES (2, N'hung', N'bh01', N'0364117408', N'Hồ Chí Minh', CAST(N'2020-05-08 05:04:06.0000000' AS DateTime2), CAST(N'2020-05-18 05:04:06.0000000' AS DateTime2), 5280000, 2)
INSERT [dbo].[HoaDons] ([Id], [KHuser], [NVuser], [phone], [address], [date_receice], [date_order], [total], [status]) VALUES (3, N'thinh', N'bh01', N'0364117408', N'Bình Định', CAST(N'2020-05-08 05:04:06.0000000' AS DateTime2), CAST(N'2020-05-18 05:04:06.0000000' AS DateTime2), 9830000, 3)
INSERT [dbo].[HoaDons] ([Id], [KHuser], [NVuser], [phone], [address], [date_receice], [date_order], [total], [status]) VALUES (4, N'thien', N'bh01', N'0364117408', N'Bình Định', CAST(N'2020-05-08 05:04:06.0000000' AS DateTime2), CAST(N'2020-05-18 05:04:06.0000000' AS DateTime2), 9650000, 4)
SET IDENTITY_INSERT [dbo].[HoaDons] OFF
SET IDENTITY_INSERT [dbo].[KieuDays] ON 

INSERT [dbo].[KieuDays] ([Id], [name]) VALUES (1, N'Dây da')
INSERT [dbo].[KieuDays] ([Id], [name]) VALUES (2, N'Dây kim loại')
INSERT [dbo].[KieuDays] ([Id], [name]) VALUES (3, N'Không có dây')
SET IDENTITY_INSERT [dbo].[KieuDays] OFF
SET IDENTITY_INSERT [dbo].[KieuMays] ON 

INSERT [dbo].[KieuMays] ([Id], [name]) VALUES (1, N'Máy cơ')
INSERT [dbo].[KieuMays] ([Id], [name]) VALUES (2, N'Máy điện tử - Pin')
SET IDENTITY_INSERT [dbo].[KieuMays] OFF
SET IDENTITY_INSERT [dbo].[LoaiSanPhams] ON 

INSERT [dbo].[LoaiSanPhams] ([Id], [name], [description]) VALUES (1, N'ĐỒNG HỒ ĐỂ BÀN', N'Đồng hồ dành để bàn cho việc học và làm việc')
INSERT [dbo].[LoaiSanPhams] ([Id], [name], [description]) VALUES (2, N'ĐỒNG HỒ ĐÔI', N'Đồng hồ dành cho cặp đôi')
INSERT [dbo].[LoaiSanPhams] ([Id], [name], [description]) VALUES (3, N'ĐỒNG HỒ NỮ', N'Đồng hồ dành cho nữ')
INSERT [dbo].[LoaiSanPhams] ([Id], [name], [description]) VALUES (4, N'ĐỒNG HỒ NAM', N'Đồng hồ dành cho nam')
INSERT [dbo].[LoaiSanPhams] ([Id], [name], [description]) VALUES (5, N'ĐỒNG HỒ TREO TƯỜNG', N'Đồng hồ dành cho việc trang trí nhà cửa')
SET IDENTITY_INSERT [dbo].[LoaiSanPhams] OFF
SET IDENTITY_INSERT [dbo].[NCCs] ON 

INSERT [dbo].[NCCs] ([Id], [name], [address], [phone], [fax]) VALUES (1, N'Cty Đà Lạt', N'Đà Lạt', N'0364117408', N'4598-8789-8789-7897')
INSERT [dbo].[NCCs] ([Id], [name], [address], [phone], [fax]) VALUES (2, N'Cty Bến Tre', N'Bến Tre', N'0364117408', N'4598-8789-8789-7897')
INSERT [dbo].[NCCs] ([Id], [name], [address], [phone], [fax]) VALUES (3, N'Cty Tiền Giang', N'Tiền Giang', N'0364117408', N'4598-8789-8789-7897')
INSERT [dbo].[NCCs] ([Id], [name], [address], [phone], [fax]) VALUES (4, N'Cty Long An', N'Long An', N'0364117408', N'4598-8789-8789-7897')
INSERT [dbo].[NCCs] ([Id], [name], [address], [phone], [fax]) VALUES (5, N'Cty Hội An', N'Hội An', N'0364117408', N'4598-8789-8789-7897')
INSERT [dbo].[NCCs] ([Id], [name], [address], [phone], [fax]) VALUES (6, N'Cty Đà Nẵng', N'Đà Nẵng', N'0364117408', N'4598-8789-8789-7897')
INSERT [dbo].[NCCs] ([Id], [name], [address], [phone], [fax]) VALUES (7, N'Cty Hồ Chí Minh', N'HCM', N'0364117408', N'4598-8789-8789-7897')
INSERT [dbo].[NCCs] ([Id], [name], [address], [phone], [fax]) VALUES (8, N'Cty Hà Nội', N'Đống Đa, Hà Nội', N'0364117408', N'4598-8789-8789-7897')
SET IDENTITY_INSERT [dbo].[NCCs] OFF
SET IDENTITY_INSERT [dbo].[ThuongHieus] ON 

INSERT [dbo].[ThuongHieus] ([Id], [name]) VALUES (1, N'ĐỒNG HỒ NAMKIN')
INSERT [dbo].[ThuongHieus] ([Id], [name]) VALUES (2, N'ĐỒNG HỒ HAZEAL')
INSERT [dbo].[ThuongHieus] ([Id], [name]) VALUES (3, N'ĐỒNG HỒ TEINTOP')
INSERT [dbo].[ThuongHieus] ([Id], [name]) VALUES (4, N'ĐỒNG HỒ KASSAW')
INSERT [dbo].[ThuongHieus] ([Id], [name]) VALUES (5, N'ĐỒNG HỒ LOBINI')
INSERT [dbo].[ThuongHieus] ([Id], [name]) VALUES (6, N'ĐỒNG HỒ PONIGER')
INSERT [dbo].[ThuongHieus] ([Id], [name]) VALUES (7, N'ĐỒNG HỒ LORBERN')
INSERT [dbo].[ThuongHieus] ([Id], [name]) VALUES (8, N'ĐỒNG HỒ MINI FOCUS')
SET IDENTITY_INSERT [dbo].[ThuongHieus] OFF
SET IDENTITY_INSERT [dbo].[SanPhams] ON 

INSERT [dbo].[SanPhams] ([Id], [LSPId], [brandId], [wireId], [machineId], [nccId], [name], [amount], [price], [description], [img], [status]) VALUES (1, 4, 1, 1, 1, 2, N'Đồng hồ nam chính hãng LOBINNI L3603-4', 25, 2680000, N'TÍNH NĂNG MOONPHASE: Ô cửa sổ với tính năng Moonphase (xem lịch tuần trăng – lịch âm) trên góc 6h có thể coi là điểm nhấn đắt giá của chiếc đồng hồ này. Mặt trăng tròn cùng các vì sao lấp lánh nổi bật trên nền trời đêm xanh thẳm chính là một thiết kế vô cùng bắt mắt.', N'/image/sp8.jpg', 1)
INSERT [dbo].[SanPhams] ([Id], [LSPId], [brandId], [wireId], [machineId], [nccId], [name], [amount], [price], [description], [img], [status]) VALUES (2, 1, 1, 3, 1, 4, N'Đồng hồ để bàn chính hãng NAMKIN B945-2', 33, 2850000, N'Là sản phẩm của đất nước USA, nơi cội nguồn của nền công nghiệp thế giới nên tất cả các dòng sản phẩm Đồng hồ Teintop đều được trải qua quy trình kiểm định nghiêm ngặt nên chất lượng được đảm bảo tốt nhất. Đồng hồ Teintop chính hãng với chất lượng tốt và giá rẻ khi bước chân vào thị trường Việt Nam đã trở thành một hiện tượng mà rất nhiều người dùng biết đến. Nó đáp ứng được nhu cầu ngon - bổ - rẻ của người dùng tại Việt Nam vì thế Đồng hồ NAMKIN trở thành thương hiệu tầm trung bán chạy nhất tại Việt Nam.', N'/image/sp104.jpg', 1)
INSERT [dbo].[SanPhams] ([Id], [LSPId], [brandId], [wireId], [machineId], [nccId], [name], [amount], [price], [description], [img], [status]) VALUES (3, 1, 1, 3, 1, 4, N'Đồng hồ để bàn chính hãng NAMKIN A1482GE', 32, 3450000, N'Là sản phẩm của đất nước USA, nơi cội nguồn của nền công nghiệp thế giới nên tất cả các dòng sản phẩm Đồng hồ Teintop đều được trải qua quy trình kiểm định nghiêm ngặt nên chất lượng được đảm bảo tốt nhất. Đồng hồ Teintop chính hãng với chất lượng tốt và giá rẻ khi bước chân vào thị trường Việt Nam đã trở thành một hiện tượng mà rất nhiều người dùng biết đến. Nó đáp ứng được nhu cầu ngon - bổ - rẻ của người dùng tại Việt Nam vì thế Đồng hồ NAMKIN trở thành thương hiệu tầm trung bán chạy nhất tại Việt Nam.', N'/image/sp105.jpg', 1)
INSERT [dbo].[SanPhams] ([Id], [LSPId], [brandId], [wireId], [machineId], [nccId], [name], [amount], [price], [description], [img], [status]) VALUES (4, 1, 1, 3, 1, 4, N'Đồng hồ để bàn chính hãng NAMKIN T1628', 32, 3180000, N'Là sản phẩm của đất nước USA, nơi cội nguồn của nền công nghiệp thế giới nên tất cả các dòng sản phẩm Đồng hồ Teintop đều được trải qua quy trình kiểm định nghiêm ngặt nên chất lượng được đảm bảo tốt nhất. Đồng hồ Teintop chính hãng với chất lượng tốt và giá rẻ khi bước chân vào thị trường Việt Nam đã trở thành một hiện tượng mà rất nhiều người dùng biết đến. Nó đáp ứng được nhu cầu ngon - bổ - rẻ của người dùng tại Việt Nam vì thế Đồng hồ NAMKIN trở thành thương hiệu tầm trung bán chạy nhất tại Việt Nam.', N'/image/sp106.jpg', 1)
INSERT [dbo].[SanPhams] ([Id], [LSPId], [brandId], [wireId], [machineId], [nccId], [name], [amount], [price], [description], [img], [status]) VALUES (5, 1, 1, 3, 1, 4, N'Đồng hồ để bàn chính hãng NAMKIN B1516', 15, 3250000, N'Là sản phẩm của đất nước USA, nơi cội nguồn của nền công nghiệp thế giới nên tất cả các dòng sản phẩm Đồng hồ Teintop đều được trải qua quy trình kiểm định nghiêm ngặt nên chất lượng được đảm bảo tốt nhất. Đồng hồ Teintop chính hãng với chất lượng tốt và giá rẻ khi bước chân vào thị trường Việt Nam đã trở thành một hiện tượng mà rất nhiều người dùng biết đến. Nó đáp ứng được nhu cầu ngon - bổ - rẻ của người dùng tại Việt Nam vì thế Đồng hồ NAMKIN trở thành thương hiệu tầm trung bán chạy nhất tại Việt Nam.', N'/image/sp107.jpg', 1)
INSERT [dbo].[SanPhams] ([Id], [LSPId], [brandId], [wireId], [machineId], [nccId], [name], [amount], [price], [description], [img], [status]) VALUES (6, 1, 1, 3, 1, 4, N'Đồng hồ để bàn chính hãng NAMKIN B1515', 18, 2450000, N'Là sản phẩm của đất nước USA, nơi cội nguồn của nền công nghiệp thế giới nên tất cả các dòng sản phẩm Đồng hồ Teintop đều được trải qua quy trình kiểm định nghiêm ngặt nên chất lượng được đảm bảo tốt nhất. Đồng hồ Teintop chính hãng với chất lượng tốt và giá rẻ khi bước chân vào thị trường Việt Nam đã trở thành một hiện tượng mà rất nhiều người dùng biết đến. Nó đáp ứng được nhu cầu ngon - bổ - rẻ của người dùng tại Việt Nam vì thế Đồng hồ NAMKIN trở thành thương hiệu tầm trung bán chạy nhất tại Việt Nam.', N'/image/sp108.jpg', 1)
INSERT [dbo].[SanPhams] ([Id], [LSPId], [brandId], [wireId], [machineId], [nccId], [name], [amount], [price], [description], [img], [status]) VALUES (7, 1, 6, 3, 1, 4, N'Đồng hồ để bàn chính hãng PONIGER B1525', 23, 4650000, N'NÉT CỔ ĐIỂN HIẾM CÓ: Đúng như tên gọi “Caballero”, Poniger P7.23-1 sở hữu nét đẹp cổ điển hiếm có, phảng phất phong vị xưa cũ. Chất cổ điển, lịch lãm toát lên từ màu sắc, kiểu dáng cũng như những chi tiết nhấn nhá tinh tế.', N'/image/sp109.jpg', 1)
INSERT [dbo].[SanPhams] ([Id], [LSPId], [brandId], [wireId], [machineId], [nccId], [name], [amount], [price], [description], [img], [status]) VALUES (8, 1, 6, 3, 1, 4, N'Đồng hồ để bàn chính hãng PONIGER B1523', 27, 3000000, N'NÉT CỔ ĐIỂN HIẾM CÓ: Đúng như tên gọi “Caballero”, Poniger P7.23-1 sở hữu nét đẹp cổ điển hiếm có, phảng phất phong vị xưa cũ. Chất cổ điển, lịch lãm toát lên từ màu sắc, kiểu dáng cũng như những chi tiết nhấn nhá tinh tế.', N'/image/sp110.jpg', 1)
INSERT [dbo].[SanPhams] ([Id], [LSPId], [brandId], [wireId], [machineId], [nccId], [name], [amount], [price], [description], [img], [status]) VALUES (9, 1, 1, 3, 1, 4, N'Đồng hồ để bàn chính hãng NAMKIN B945-1', 32, 2850000, N'Là sản phẩm của đất nước USA, nơi cội nguồn của nền công nghiệp thế giới nên tất cả các dòng sản phẩm Đồng hồ Teintop đều được trải qua quy trình kiểm định nghiêm ngặt nên chất lượng được đảm bảo tốt nhất. Đồng hồ Teintop chính hãng với chất lượng tốt và giá rẻ khi bước chân vào thị trường Việt Nam đã trở thành một hiện tượng mà rất nhiều người dùng biết đến. Nó đáp ứng được nhu cầu ngon - bổ - rẻ của người dùng tại Việt Nam vì thế Đồng hồ NAMKIN trở thành thương hiệu tầm trung bán chạy nhất tại Việt Nam.', N'/image/sp103.jpg', 1)
INSERT [dbo].[SanPhams] ([Id], [LSPId], [brandId], [wireId], [machineId], [nccId], [name], [amount], [price], [description], [img], [status]) VALUES (10, 1, 6, 3, 1, 4, N'Đồng hồ để bàn chính hãng PONIGER B1504', 30, 4650000, N'NÉT CỔ ĐIỂN HIẾM CÓ: Đúng như tên gọi “Caballero”, Poniger P7.23-1 sở hữu nét đẹp cổ điển hiếm có, phảng phất phong vị xưa cũ. Chất cổ điển, lịch lãm toát lên từ màu sắc, kiểu dáng cũng như những chi tiết nhấn nhá tinh tế.', N'/image/sp111.jpg', 1)
INSERT [dbo].[SanPhams] ([Id], [LSPId], [brandId], [wireId], [machineId], [nccId], [name], [amount], [price], [description], [img], [status]) VALUES (11, 1, 6, 3, 1, 4, N'Đồng hồ để bàn chính hãng PONIGER D1596-1', 30, 3450000, N'TỔNG THỂ HÀI HÒA: Sự kết hợp tinh tế giữa xanh và trắng, kết hợp vòng benzen đính đá tinh tinh xảo. Viền trắng thép 316L tạo nên mặt đồng hồ đẹp như tạc.', N'/image/sp113.jpg', 1)
INSERT [dbo].[SanPhams] ([Id], [LSPId], [brandId], [wireId], [machineId], [nccId], [name], [amount], [price], [description], [img], [status]) VALUES (12, 1, 6, 3, 1, 4, N'Đồng hồ để bàn chính hãng PONIGER D1596-2', 35, 3450000, N'TỔNG THỂ HÀI HÒA: Sự kết hợp tinh tế giữa xanh và trắng, kết hợp vòng benzen đính đá tinh tinh xảo. Viền trắng thép 316L tạo nên mặt đồng hồ đẹp như tạc.', N'/image/sp114.jpg', 1)
INSERT [dbo].[SanPhams] ([Id], [LSPId], [brandId], [wireId], [machineId], [nccId], [name], [amount], [price], [description], [img], [status]) VALUES (13, 1, 6, 3, 1, 4, N'Đồng hồ để bàn chính hãng PONIGER K019', 33, 2990000, N'TỔNG THỂ HÀI HÒA: Sự kết hợp tinh tế giữa xanh và trắng, kết hợp vòng benzen đính đá tinh tinh xảo. Viền trắng thép 316L tạo nên mặt đồng hồ đẹp như tạc.', N'/image/sp115.jpg', 1)
INSERT [dbo].[SanPhams] ([Id], [LSPId], [brandId], [wireId], [machineId], [nccId], [name], [amount], [price], [description], [img], [status]) VALUES (14, 1, 6, 3, 1, 4, N'Đồng hồ để bàn chính hãng PONIGER A1600GE', 22, 3150000, N'TỔNG THỂ HÀI HÒA: Sự kết hợp tinh tế giữa xanh và trắng, kết hợp vòng benzen đính đá tinh tinh xảo. Viền trắng thép 316L tạo nên mặt đồng hồ đẹp như tạc.', N'/image/sp116.jpg', 1)
INSERT [dbo].[SanPhams] ([Id], [LSPId], [brandId], [wireId], [machineId], [nccId], [name], [amount], [price], [description], [img], [status]) VALUES (15, 1, 6, 3, 1, 4, N'Đồng hồ để bàn chính hãng PONIGER H1610', 47, 3850000, N'TỔNG THỂ HÀI HÒA: Sự kết hợp tinh tế giữa xanh và trắng, kết hợp vòng benzen đính đá tinh tinh xảo. Viền trắng thép 316L tạo nên mặt đồng hồ đẹp như tạc.', N'/image/sp117.jpg', 1)
INSERT [dbo].[SanPhams] ([Id], [LSPId], [brandId], [wireId], [machineId], [nccId], [name], [amount], [price], [description], [img], [status]) VALUES (16, 1, 6, 3, 1, 4, N'Đồng hồ để bàn chính hãng PONIGER H1621', 30, 950000, N'TỔNG THỂ HÀI HÒA: Sự kết hợp tinh tế giữa xanh và trắng, kết hợp vòng benzen đính đá tinh tinh xảo. Viền trắng thép 316L tạo nên mặt đồng hồ đẹp như tạc.', N'/image/sp118.jpg', 1)
INSERT [dbo].[SanPhams] ([Id], [LSPId], [brandId], [wireId], [machineId], [nccId], [name], [amount], [price], [description], [img], [status]) VALUES (17, 1, 6, 3, 1, 4, N'Đồng hồ để bàn chính hãng PONIGER H1565', 47, 2680000, N'TỔNG THỂ HÀI HÒA: Sự kết hợp tinh tế giữa xanh và trắng, kết hợp vòng benzen đính đá tinh tinh xảo. Viền trắng thép 316L tạo nên mặt đồng hồ đẹp như tạc.', N'/image/sp119.jpg', 1)
INSERT [dbo].[SanPhams] ([Id], [LSPId], [brandId], [wireId], [machineId], [nccId], [name], [amount], [price], [description], [img], [status]) VALUES (18, 1, 6, 3, 1, 4, N'Đồng hồ để bàn chính hãng PONIGER B1502', 32, 2950000, N'NÉT CỔ ĐIỂN HIẾM CÓ: Đúng như tên gọi “Caballero”, Poniger P7.23-1 sở hữu nét đẹp cổ điển hiếm có, phảng phất phong vị xưa cũ. Chất cổ điển, lịch lãm toát lên từ màu sắc, kiểu dáng cũng như những chi tiết nhấn nhá tinh tế.', N'/image/sp112.jpg', 1)
INSERT [dbo].[SanPhams] ([Id], [LSPId], [brandId], [wireId], [machineId], [nccId], [name], [amount], [price], [description], [img], [status]) VALUES (19, 1, 2, 3, 1, 4, N'Đồng hồ để bàn chính hãng HAZEAL K017', 42, 1350000, N'Kim giây đồng hồ được thiết kế như một cối xay gió đầy tinh xảo đó, ta có thể thấy được sức mạnh, nhiệt huyết luôn cuộn chảy không ngừng nghỉ trong những cỗ máy cơ Caballero. Sức mạnh từ tinh thần chiến đấu quả cảm, hết mình hệt như những hiệp sỹ Tây Ban Nha cổ xưa!', N'/image/sp120.jpg', 1)
INSERT [dbo].[SanPhams] ([Id], [LSPId], [brandId], [wireId], [machineId], [nccId], [name], [amount], [price], [description], [img], [status]) VALUES (20, 1, 1, 3, 1, 4, N'Đồng hồ để bàn chính hãng NAMKIN B1524', 30, 4990000, N'Là sản phẩm của đất nước USA, nơi cội nguồn của nền công nghiệp thế giới nên tất cả các dòng sản phẩm Đồng hồ Teintop đều được trải qua quy trình kiểm định nghiêm ngặt nên chất lượng được đảm bảo tốt nhất. Đồng hồ Teintop chính hãng với chất lượng tốt và giá rẻ khi bước chân vào thị trường Việt Nam đã trở thành một hiện tượng mà rất nhiều người dùng biết đến. Nó đáp ứng được nhu cầu ngon - bổ - rẻ của người dùng tại Việt Nam vì thế Đồng hồ NAMKIN trở thành thương hiệu tầm trung bán chạy nhất tại Việt Nam.', N'/image/sp102.jpg', 1)
INSERT [dbo].[SanPhams] ([Id], [LSPId], [brandId], [wireId], [machineId], [nccId], [name], [amount], [price], [description], [img], [status]) VALUES (21, 2, 1, 3, 1, 5, N'Đồng hồ đôi chính hãng LOBINNI L3003-5', 25, 4900000, N'Lobinni luôn quan niệm chiếc đồng hồ là thứ ghi lại những khoảnh khắc quý giá nhất trong cuộc sống. Để có được những chiếc đồng hồ có chất lượng tốt nhất Lobinni luôn tuyển chọn những người thợ thủ công có tay nghề cao, ít nhất 10 năm kinh nghiệm trong ngành thiết kế và sản xuất đồng hồ.', N'/image/sp100.jpg', 1)
INSERT [dbo].[SanPhams] ([Id], [LSPId], [brandId], [wireId], [machineId], [nccId], [name], [amount], [price], [description], [img], [status]) VALUES (22, 2, 1, 1, 1, 5, N'Đồng hồ đôi chính hãng LOBINNI L3013-1', 28, 5000000, N'Lobinni cam kết chất lượng của sản phẩm luôn là tiêu chí hàng đầu. Mỗi sản phẩm được tạo ra đều xuất phát từ cảm xúc của nghệ nhân sáng tác. Với mỗi chiếc đồng hồ tạo ra chúng đánh dấu khoảng khắc quý giá của của các nghệ nhân và là một phần lịch sử thương hiệu trong chặng đường chinh phục trái tim người yêu đồng hồ.', N'/image/sp84.jpg', 1)
INSERT [dbo].[SanPhams] ([Id], [LSPId], [brandId], [wireId], [machineId], [nccId], [name], [amount], [price], [description], [img], [status]) VALUES (23, 2, 1, 1, 1, 5, N'Đồng hồ đôi chính hãng LOBINNI L3013-2', 30, 5000000, N'Lobinni cam kết chất lượng của sản phẩm luôn là tiêu chí hàng đầu. Mỗi sản phẩm được tạo ra đều xuất phát từ cảm xúc của nghệ nhân sáng tác. Với mỗi chiếc đồng hồ tạo ra chúng đánh dấu khoảng khắc quý giá của của các nghệ nhân và là một phần lịch sử thương hiệu trong chặng đường chinh phục trái tim người yêu đồng hồ.', N'/image/sp85.jpg', 1)
INSERT [dbo].[SanPhams] ([Id], [LSPId], [brandId], [wireId], [machineId], [nccId], [name], [amount], [price], [description], [img], [status]) VALUES (24, 2, 1, 1, 1, 5, N'Đồng hồ đôi chính hãng LOBINNI L3013-3', 32, 5000000, N'Lobinni cam kết chất lượng của sản phẩm luôn là tiêu chí hàng đầu. Mỗi sản phẩm được tạo ra đều xuất phát từ cảm xúc của nghệ nhân sáng tác. Với mỗi chiếc đồng hồ tạo ra chúng đánh dấu khoảng khắc quý giá của của các nghệ nhân và là một phần lịch sử thương hiệu trong chặng đường chinh phục trái tim người yêu đồng hồ.', N'/image/sp86.jpg', 1)
INSERT [dbo].[SanPhams] ([Id], [LSPId], [brandId], [wireId], [machineId], [nccId], [name], [amount], [price], [description], [img], [status]) VALUES (25, 2, 1, 1, 1, 5, N'Đồng hồ đôi chính hãng LOBINNI L3013-4', 33, 5000000, N'Lobinni cam kết chất lượng của sản phẩm luôn là tiêu chí hàng đầu. Mỗi sản phẩm được tạo ra đều xuất phát từ cảm xúc của nghệ nhân sáng tác. Với mỗi chiếc đồng hồ tạo ra chúng đánh dấu khoảng khắc quý giá của của các nghệ nhân và là một phần lịch sử thương hiệu trong chặng đường chinh phục trái tim người yêu đồng hồ.', N'/image/sp87.jpg', 1)
INSERT [dbo].[SanPhams] ([Id], [LSPId], [brandId], [wireId], [machineId], [nccId], [name], [amount], [price], [description], [img], [status]) VALUES (26, 2, 1, 3, 1, 5, N'Đồng hồ đôi chính hãng LOBINNI L3013-5', 18, 5000000, N'Lobinni cam kết chất lượng của sản phẩm luôn là tiêu chí hàng đầu. Mỗi sản phẩm được tạo ra đều xuất phát từ cảm xúc của nghệ nhân sáng tác. Với mỗi chiếc đồng hồ tạo ra chúng đánh dấu khoảng khắc quý giá của của các nghệ nhân và là một phần lịch sử thương hiệu trong chặng đường chinh phục trái tim người yêu đồng hồ.', N'/image/sp88.jpg', 1)
INSERT [dbo].[SanPhams] ([Id], [LSPId], [brandId], [wireId], [machineId], [nccId], [name], [amount], [price], [description], [img], [status]) VALUES (27, 2, 1, 3, 1, 5, N'Đồng hồ đôi chính hãng LOBINNI L3013-6', 23, 5000000, N'Lobinni cam kết chất lượng của sản phẩm luôn là tiêu chí hàng đầu. Mỗi sản phẩm được tạo ra đều xuất phát từ cảm xúc của nghệ nhân sáng tác. Với mỗi chiếc đồng hồ tạo ra chúng đánh dấu khoảng khắc quý giá của của các nghệ nhân và là một phần lịch sử thương hiệu trong chặng đường chinh phục trái tim người yêu đồng hồ.', N'/image/sp89.jpg', 1)
INSERT [dbo].[SanPhams] ([Id], [LSPId], [brandId], [wireId], [machineId], [nccId], [name], [amount], [price], [description], [img], [status]) VALUES (28, 2, 1, 3, 1, 5, N'Đồng hồ đôi chính hãng LOBINNI L3013-7', 27, 4800000, N'Lobinni cam kết chất lượng của sản phẩm luôn là tiêu chí hàng đầu. Mỗi sản phẩm được tạo ra đều xuất phát từ cảm xúc của nghệ nhân sáng tác. Với mỗi chiếc đồng hồ tạo ra chúng đánh dấu khoảng khắc quý giá của của các nghệ nhân và là một phần lịch sử thương hiệu trong chặng đường chinh phục trái tim người yêu đồng hồ.', N'/image/sp90.jpg', 1)
INSERT [dbo].[SanPhams] ([Id], [LSPId], [brandId], [wireId], [machineId], [nccId], [name], [amount], [price], [description], [img], [status]) VALUES (29, 1, 1, 3, 1, 4, N'Đồng hồ để bàn chính hãng NAMKIN B1526', 25, 4350000, N'Là sản phẩm của đất nước USA, nơi cội nguồn của nền công nghiệp thế giới nên tất cả các dòng sản phẩm Đồng hồ Teintop đều được trải qua quy trình kiểm định nghiêm ngặt nên chất lượng được đảm bảo tốt nhất. Đồng hồ Teintop chính hãng với chất lượng tốt và giá rẻ khi bước chân vào thị trường Việt Nam đã trở thành một hiện tượng mà rất nhiều người dùng biết đến. Nó đáp ứng được nhu cầu ngon - bổ - rẻ của người dùng tại Việt Nam vì thế Đồng hồ NAMKIN trở thành thương hiệu tầm trung bán chạy nhất tại Việt Nam.', N'/image/sp101.jpg', 1)
INSERT [dbo].[SanPhams] ([Id], [LSPId], [brandId], [wireId], [machineId], [nccId], [name], [amount], [price], [description], [img], [status]) VALUES (30, 2, 1, 3, 1, 5, N'Đồng hồ đôi chính hãng LOBINNI L3013-8', 18, 4800000, N'Lobinni cam kết chất lượng của sản phẩm luôn là tiêu chí hàng đầu. Mỗi sản phẩm được tạo ra đều xuất phát từ cảm xúc của nghệ nhân sáng tác. Với mỗi chiếc đồng hồ tạo ra chúng đánh dấu khoảng khắc quý giá của của các nghệ nhân và là một phần lịch sử thương hiệu trong chặng đường chinh phục trái tim người yêu đồng hồ.', N'/image/sp91.jpg', 1)
INSERT [dbo].[SanPhams] ([Id], [LSPId], [brandId], [wireId], [machineId], [nccId], [name], [amount], [price], [description], [img], [status]) VALUES (31, 2, 1, 2, 1, 5, N'Đồng hồ đôi chính hãng LOBINNI L3012-28', 25, 5650000, N'Lobinni cam kết chất lượng của sản phẩm luôn là tiêu chí hàng đầu. Mỗi sản phẩm được tạo ra đều xuất phát từ cảm xúc của nghệ nhân sáng tác. Với mỗi chiếc đồng hồ tạo ra chúng đánh dấu khoảng khắc quý giá của của các nghệ nhân và là một phần lịch sử thương hiệu trong chặng đường chinh phục trái tim người yêu đồng hồ.', N'/image/sp93.jpg', 1)
INSERT [dbo].[SanPhams] ([Id], [LSPId], [brandId], [wireId], [machineId], [nccId], [name], [amount], [price], [description], [img], [status]) VALUES (32, 2, 1, 2, 1, 5, N'Đồng hồ đôi chính hãng LOBINNI L3012-29', 28, 5650000, N'Lobinni cam kết chất lượng của sản phẩm luôn là tiêu chí hàng đầu. Mỗi sản phẩm được tạo ra đều xuất phát từ cảm xúc của nghệ nhân sáng tác. Với mỗi chiếc đồng hồ tạo ra chúng đánh dấu khoảng khắc quý giá của của các nghệ nhân và là một phần lịch sử thương hiệu trong chặng đường chinh phục trái tim người yêu đồng hồ.', N'/image/sp94.jpg', 1)
INSERT [dbo].[SanPhams] ([Id], [LSPId], [brandId], [wireId], [machineId], [nccId], [name], [amount], [price], [description], [img], [status]) VALUES (33, 2, 1, 2, 1, 5, N'Đồng hồ đôi chính hãng LOBINNI L3012-30', 32, 5650000, N'Lobinni cam kết chất lượng của sản phẩm luôn là tiêu chí hàng đầu. Mỗi sản phẩm được tạo ra đều xuất phát từ cảm xúc của nghệ nhân sáng tác. Với mỗi chiếc đồng hồ tạo ra chúng đánh dấu khoảng khắc quý giá của của các nghệ nhân và là một phần lịch sử thương hiệu trong chặng đường chinh phục trái tim người yêu đồng hồ.', N'/image/sp95.jpg', 1)
INSERT [dbo].[SanPhams] ([Id], [LSPId], [brandId], [wireId], [machineId], [nccId], [name], [amount], [price], [description], [img], [status]) VALUES (34, 2, 1, 2, 1, 5, N'Đồng hồ đôi chính hãng LOBINNI L3003-1', 25, 4150000, N'Lobinni luôn quan niệm chiếc đồng hồ là thứ ghi lại những khoảnh khắc quý giá nhất trong cuộc sống. Để có được những chiếc đồng hồ có chất lượng tốt nhất Lobinni luôn tuyển chọn những người thợ thủ công có tay nghề cao, ít nhất 10 năm kinh nghiệm trong ngành thiết kế và sản xuất đồng hồ.', N'/image/sp96.jpg', 1)
INSERT [dbo].[SanPhams] ([Id], [LSPId], [brandId], [wireId], [machineId], [nccId], [name], [amount], [price], [description], [img], [status]) VALUES (35, 2, 1, 2, 1, 5, N'Đồng hồ đôi chính hãng LOBINNI L3003-2', 28, 4150000, N'Lobinni luôn quan niệm chiếc đồng hồ là thứ ghi lại những khoảnh khắc quý giá nhất trong cuộc sống. Để có được những chiếc đồng hồ có chất lượng tốt nhất Lobinni luôn tuyển chọn những người thợ thủ công có tay nghề cao, ít nhất 10 năm kinh nghiệm trong ngành thiết kế và sản xuất đồng hồ.', N'/image/sp97.jpg', 1)
INSERT [dbo].[SanPhams] ([Id], [LSPId], [brandId], [wireId], [machineId], [nccId], [name], [amount], [price], [description], [img], [status]) VALUES (36, 2, 1, 2, 1, 5, N'Đồng hồ đôi chính hãng LOBINNI L3003-3', 33, 4150000, N'Lobinni luôn quan niệm chiếc đồng hồ là thứ ghi lại những khoảnh khắc quý giá nhất trong cuộc sống. Để có được những chiếc đồng hồ có chất lượng tốt nhất Lobinni luôn tuyển chọn những người thợ thủ công có tay nghề cao, ít nhất 10 năm kinh nghiệm trong ngành thiết kế và sản xuất đồng hồ.', N'/image/sp98.jpg', 1)
INSERT [dbo].[SanPhams] ([Id], [LSPId], [brandId], [wireId], [machineId], [nccId], [name], [amount], [price], [description], [img], [status]) VALUES (37, 2, 1, 2, 1, 5, N'Đồng hồ đôi chính hãng LOBINNI L3003-4', 17, 4150000, N'Lobinni luôn quan niệm chiếc đồng hồ là thứ ghi lại những khoảnh khắc quý giá nhất trong cuộc sống. Để có được những chiếc đồng hồ có chất lượng tốt nhất Lobinni luôn tuyển chọn những người thợ thủ công có tay nghề cao, ít nhất 10 năm kinh nghiệm trong ngành thiết kế và sản xuất đồng hồ.', N'/image/sp99.jpg', 1)
INSERT [dbo].[SanPhams] ([Id], [LSPId], [brandId], [wireId], [machineId], [nccId], [name], [amount], [price], [description], [img], [status]) VALUES (38, 2, 4, 1, 1, 5, N'Đồng hồ đôi chính hãng KASSAW K858-5', 20, 4850000, N'Thành Hưng Watch - Tự hào là đơn vị phân phối độc quyền thương hiệu đồng hồ KASSAW tại Việt Nam.', N'/image/sp92.jpg', 1)
INSERT [dbo].[SanPhams] ([Id], [LSPId], [brandId], [wireId], [machineId], [nccId], [name], [amount], [price], [description], [img], [status]) VALUES (39, 1, 2, 3, 1, 4, N'Đồng hồ để bàn chính hãng HAZEAL K011', 42, 2650000, N'Kim giây đồng hồ được thiết kế như một cối xay gió đầy tinh xảo đó, ta có thể thấy được sức mạnh, nhiệt huyết luôn cuộn chảy không ngừng nghỉ trong những cỗ máy cơ Caballero. Sức mạnh từ tinh thần chiến đấu quả cảm, hết mình hệt như những hiệp sỹ Tây Ban Nha cổ xưa!', N'/image/sp121.jpg', 1)
INSERT [dbo].[SanPhams] ([Id], [LSPId], [brandId], [wireId], [machineId], [nccId], [name], [amount], [price], [description], [img], [status]) VALUES (40, 1, 2, 3, 1, 4, N'Đồng hồ để bàn chính hãng HAZEAL K1620', 25, 2860000, N'Kim giây đồng hồ được thiết kế như một cối xay gió đầy tinh xảo đó, ta có thể thấy được sức mạnh, nhiệt huyết luôn cuộn chảy không ngừng nghỉ trong những cỗ máy cơ Caballero. Sức mạnh từ tinh thần chiến đấu quả cảm, hết mình hệt như những hiệp sỹ Tây Ban Nha cổ xưa!', N'/image/sp122.jpg', 1)
INSERT [dbo].[SanPhams] ([Id], [LSPId], [brandId], [wireId], [machineId], [nccId], [name], [amount], [price], [description], [img], [status]) VALUES (41, 1, 2, 3, 1, 4, N'Đồng hồ để bàn chính hãng HAZEAL 1591GE', 28, 3350000, N'Kim giây đồng hồ được thiết kế như một cối xay gió đầy tinh xảo đó, ta có thể thấy được sức mạnh, nhiệt huyết luôn cuộn chảy không ngừng nghỉ trong những cỗ máy cơ Caballero. Sức mạnh từ tinh thần chiến đấu quả cảm, hết mình hệt như những hiệp sỹ Tây Ban Nha cổ xưa!', N'/image/sp123.jpg', 1)
INSERT [dbo].[SanPhams] ([Id], [LSPId], [brandId], [wireId], [machineId], [nccId], [name], [amount], [price], [description], [img], [status]) VALUES (42, 5, 5, 3, 1, 3, N'Đồng hồ trang trí phu thê viên mãn DH63', 50, 2150000, N'TỔNG THỂ HÀI HÒA: Sự kết hợp tinh tế giữa xanh và trắng, kết hợp vòng benzen đính đá tinh tinh xảo. Viền trắng thép 316L tạo nên mặt đồng hồ đẹp như tạc. THIẾT KẾ KINH ĐIỂN: Đặc biệt bức tranh dãy núi Alpes hùng vĩ, cùng bầu trời cao vút. Tạo nên sức mạnh hùng vĩ từ trời Âu.', N'/image/sp145.jpg', 1)
INSERT [dbo].[SanPhams] ([Id], [LSPId], [brandId], [wireId], [machineId], [nccId], [name], [amount], [price], [description], [img], [status]) VALUES (43, 5, 5, 3, 1, 3, N'Đồng hồ trang trí phu thê viên mãn DH64', 38, 2150000, N'TỔNG THỂ HÀI HÒA: Sự kết hợp tinh tế giữa xanh và trắng, kết hợp vòng benzen đính đá tinh tinh xảo. Viền trắng thép 316L tạo nên mặt đồng hồ đẹp như tạc. THIẾT KẾ KINH ĐIỂN: Đặc biệt bức tranh dãy núi Alpes hùng vĩ, cùng bầu trời cao vút. Tạo nên sức mạnh hùng vĩ từ trời Âu.', N'/image/sp146.jpg', 1)
INSERT [dbo].[SanPhams] ([Id], [LSPId], [brandId], [wireId], [machineId], [nccId], [name], [amount], [price], [description], [img], [status]) VALUES (44, 5, 5, 3, 1, 3, N'Đồng hồ trang trí phu thê viên mãn DH70', 26, 2350000, N'TỔNG THỂ HÀI HÒA: Sự kết hợp tinh tế giữa xanh và trắng, kết hợp vòng benzen đính đá tinh tinh xảo. Viền trắng thép 316L tạo nên mặt đồng hồ đẹp như tạc. THIẾT KẾ KINH ĐIỂN: Đặc biệt bức tranh dãy núi Alpes hùng vĩ, cùng bầu trời cao vút. Tạo nên sức mạnh hùng vĩ từ trời Âu.', N'/image/sp147.jpg', 1)
INSERT [dbo].[SanPhams] ([Id], [LSPId], [brandId], [wireId], [machineId], [nccId], [name], [amount], [price], [description], [img], [status]) VALUES (45, 5, 5, 3, 1, 3, N'Đồng hồ trang trí nghệ thuật Deco DH17', 26, 1050000, N'TỔNG THỂ HÀI HÒA: Sự kết hợp tinh tế giữa xanh và trắng, kết hợp vòng benzen đính đá tinh tinh xảo. Viền trắng thép 316L tạo nên mặt đồng hồ đẹp như tạc. THIẾT KẾ KINH ĐIỂN: Đặc biệt bức tranh dãy núi Alpes hùng vĩ, cùng bầu trời cao vút. Tạo nên sức mạnh hùng vĩ từ trời Âu.', N'/image/sp148.jpg', 1)
INSERT [dbo].[SanPhams] ([Id], [LSPId], [brandId], [wireId], [machineId], [nccId], [name], [amount], [price], [description], [img], [status]) VALUES (46, 5, 5, 3, 1, 3, N'Đồng hồ trang trí nghệ thuật họa tiết Lá DH23', 35, 1550000, N'TỔNG THỂ HÀI HÒA: Sự kết hợp tinh tế giữa xanh và trắng, kết hợp vòng benzen đính đá tinh tinh xảo. Viền trắng thép 316L tạo nên mặt đồng hồ đẹp như tạc. THIẾT KẾ KINH ĐIỂN: Đặc biệt bức tranh dãy núi Alpes hùng vĩ, cùng bầu trời cao vút. Tạo nên sức mạnh hùng vĩ từ trời Âu.', N'/image/sp149.jpg', 1)
INSERT [dbo].[SanPhams] ([Id], [LSPId], [brandId], [wireId], [machineId], [nccId], [name], [amount], [price], [description], [img], [status]) VALUES (47, 5, 5, 3, 1, 3, N'Đồng hồ trang trí nghệ thuật họa tiết Lá DH42', 35, 1450000, N'TỔNG THỂ HÀI HÒA: Sự kết hợp tinh tế giữa xanh và trắng, kết hợp vòng benzen đính đá tinh tinh xảo. Viền trắng thép 316L tạo nên mặt đồng hồ đẹp như tạc. THIẾT KẾ KINH ĐIỂN: Đặc biệt bức tranh dãy núi Alpes hùng vĩ, cùng bầu trời cao vút. Tạo nên sức mạnh hùng vĩ từ trời Âu.', N'/image/sp150.jpg', 1)
INSERT [dbo].[SanPhams] ([Id], [LSPId], [brandId], [wireId], [machineId], [nccId], [name], [amount], [price], [description], [img], [status]) VALUES (48, 5, 5, 3, 1, 3, N'Đồng hồ trang trí nghệ thuật họa tiết Lá DH46', 37, 1050000, N'TỔNG THỂ HÀI HÒA: Sự kết hợp tinh tế giữa xanh và trắng, kết hợp vòng benzen đính đá tinh tinh xảo. Viền trắng thép 316L tạo nên mặt đồng hồ đẹp như tạc. THIẾT KẾ KINH ĐIỂN: Đặc biệt bức tranh dãy núi Alpes hùng vĩ, cùng bầu trời cao vút. Tạo nên sức mạnh hùng vĩ từ trời Âu.', N'/image/sp151.jpg', 1)
INSERT [dbo].[SanPhams] ([Id], [LSPId], [brandId], [wireId], [machineId], [nccId], [name], [amount], [price], [description], [img], [status]) VALUES (49, 5, 5, 3, 1, 3, N'Đồng hồ trang trí phu thê viên mãn DH62', 40, 2150000, N'TỔNG THỂ HÀI HÒA: Sự kết hợp tinh tế giữa xanh và trắng, kết hợp vòng benzen đính đá tinh tinh xảo. Viền trắng thép 316L tạo nên mặt đồng hồ đẹp như tạc. THIẾT KẾ KINH ĐIỂN: Đặc biệt bức tranh dãy núi Alpes hùng vĩ, cùng bầu trời cao vút. Tạo nên sức mạnh hùng vĩ từ trời Âu.', N'/image/sp144.jpg', 1)
INSERT [dbo].[SanPhams] ([Id], [LSPId], [brandId], [wireId], [machineId], [nccId], [name], [amount], [price], [description], [img], [status]) VALUES (50, 5, 5, 3, 1, 3, N'Đồng hồ trang trí nghệ thuật họa tiết Lá DH27', 31, 1200000, N'TỔNG THỂ HÀI HÒA: Sự kết hợp tinh tế giữa xanh và trắng, kết hợp vòng benzen đính đá tinh tinh xảo. Viền trắng thép 316L tạo nên mặt đồng hồ đẹp như tạc. THIẾT KẾ KINH ĐIỂN: Đặc biệt bức tranh dãy núi Alpes hùng vĩ, cùng bầu trời cao vút. Tạo nên sức mạnh hùng vĩ từ trời Âu.', N'/image/sp152.jpg', 1)
INSERT [dbo].[SanPhams] ([Id], [LSPId], [brandId], [wireId], [machineId], [nccId], [name], [amount], [price], [description], [img], [status]) VALUES (51, 5, 5, 3, 1, 2, N'Đồng hồ trang trí phu thê viên mãn DH51', 38, 1600000, N'TỔNG THỂ HÀI HÒA: Sự kết hợp tinh tế giữa xanh và trắng, kết hợp vòng benzen đính đá tinh tinh xảo. Viền trắng thép 316L tạo nên mặt đồng hồ đẹp như tạc. THIẾT KẾ KINH ĐIỂN: Đặc biệt bức tranh dãy núi Alpes hùng vĩ, cùng bầu trời cao vút. Tạo nên sức mạnh hùng vĩ từ trời Âu.', N'/image/sp154.jpg', 1)
INSERT [dbo].[SanPhams] ([Id], [LSPId], [brandId], [wireId], [machineId], [nccId], [name], [amount], [price], [description], [img], [status]) VALUES (52, 5, 5, 3, 1, 2, N'Đồng hồ trang trí chim công đậu cành mai DH22', 38, 1000000, N'TỔNG THỂ HÀI HÒA: Sự kết hợp tinh tế giữa xanh và trắng, kết hợp vòng benzen đính đá tinh tinh xảo. Viền trắng thép 316L tạo nên mặt đồng hồ đẹp như tạc. THIẾT KẾ KINH ĐIỂN: Đặc biệt bức tranh dãy núi Alpes hùng vĩ, cùng bầu trời cao vút. Tạo nên sức mạnh hùng vĩ từ trời Âu.', N'/image/sp155.jpg', 1)
INSERT [dbo].[SanPhams] ([Id], [LSPId], [brandId], [wireId], [machineId], [nccId], [name], [amount], [price], [description], [img], [status]) VALUES (53, 5, 5, 3, 1, 2, N'Đồng hồ trang trí chim đậu cành mai DH24', 30, 850000, N'TỔNG THỂ HÀI HÒA: Sự kết hợp tinh tế giữa xanh và trắng, kết hợp vòng benzen đính đá tinh tinh xảo. Viền trắng thép 316L tạo nên mặt đồng hồ đẹp như tạc. THIẾT KẾ KINH ĐIỂN: Đặc biệt bức tranh dãy núi Alpes hùng vĩ, cùng bầu trời cao vút. Tạo nên sức mạnh hùng vĩ từ trời Âu.', N'/image/sp156.jpg', 1)
INSERT [dbo].[SanPhams] ([Id], [LSPId], [brandId], [wireId], [machineId], [nccId], [name], [amount], [price], [description], [img], [status]) VALUES (54, 5, 5, 3, 1, 2, N'Đồng hồ trang trí cây kim tiền DH48', 30, 1200000, N'TỔNG THỂ HÀI HÒA: Sự kết hợp tinh tế giữa xanh và trắng, kết hợp vòng benzen đính đá tinh tinh xảo. Viền trắng thép 316L tạo nên mặt đồng hồ đẹp như tạc. THIẾT KẾ KINH ĐIỂN: Đặc biệt bức tranh dãy núi Alpes hùng vĩ, cùng bầu trời cao vút. Tạo nên sức mạnh hùng vĩ từ trời Âu.', N'/image/sp157.jpg', 1)
INSERT [dbo].[SanPhams] ([Id], [LSPId], [brandId], [wireId], [machineId], [nccId], [name], [amount], [price], [description], [img], [status]) VALUES (55, 5, 5, 3, 1, 2, N'Đồng hồ trang trí chim công đậu cành mai DH52', 30, 1500000, N'TỔNG THỂ HÀI HÒA: Sự kết hợp tinh tế giữa xanh và trắng, kết hợp vòng benzen đính đá tinh tinh xảo. Viền trắng thép 316L tạo nên mặt đồng hồ đẹp như tạc. THIẾT KẾ KINH ĐIỂN: Đặc biệt bức tranh dãy núi Alpes hùng vĩ, cùng bầu trời cao vút. Tạo nên sức mạnh hùng vĩ từ trời Âu.', N'/image/sp158.jpg', 1)
INSERT [dbo].[SanPhams] ([Id], [LSPId], [brandId], [wireId], [machineId], [nccId], [name], [amount], [price], [description], [img], [status]) VALUES (56, 5, 5, 3, 1, 2, N'Đồng hồ trang trí nghệ thuật Deco DH25', 19, 1150000, N'TỔNG THỂ HÀI HÒA: Sự kết hợp tinh tế giữa xanh và trắng, kết hợp vòng benzen đính đá tinh tinh xảo. Viền trắng thép 316L tạo nên mặt đồng hồ đẹp như tạc. THIẾT KẾ KINH ĐIỂN: Đặc biệt bức tranh dãy núi Alpes hùng vĩ, cùng bầu trời cao vút. Tạo nên sức mạnh hùng vĩ từ trời Âu.', N'/image/sp159.jpg', 1)
INSERT [dbo].[SanPhams] ([Id], [LSPId], [brandId], [wireId], [machineId], [nccId], [name], [amount], [price], [description], [img], [status]) VALUES (57, 5, 5, 3, 1, 2, N'Đồng hồ trang trí phu thê viên mãn DH45', 26, 1600000, N'TỔNG THỂ HÀI HÒA: Sự kết hợp tinh tế giữa xanh và trắng, kết hợp vòng benzen đính đá tinh tinh xảo. Viền trắng thép 316L tạo nên mặt đồng hồ đẹp như tạc. THIẾT KẾ KINH ĐIỂN: Đặc biệt bức tranh dãy núi Alpes hùng vĩ, cùng bầu trời cao vút. Tạo nên sức mạnh hùng vĩ từ trời Âu.', N'/image/sp160.jpg', 1)
INSERT [dbo].[SanPhams] ([Id], [LSPId], [brandId], [wireId], [machineId], [nccId], [name], [amount], [price], [description], [img], [status]) VALUES (58, 5, 5, 3, 1, 3, N'Đồng hồ trang trí nghệ thuật họa tiết Lá DH47', 37, 1950000, N'TỔNG THỂ HÀI HÒA: Sự kết hợp tinh tế giữa xanh và trắng, kết hợp vòng benzen đính đá tinh tinh xảo. Viền trắng thép 316L tạo nên mặt đồng hồ đẹp như tạc. THIẾT KẾ KINH ĐIỂN: Đặc biệt bức tranh dãy núi Alpes hùng vĩ, cùng bầu trời cao vút. Tạo nên sức mạnh hùng vĩ từ trời Âu.', N'/image/sp153.jpg', 1)
INSERT [dbo].[SanPhams] ([Id], [LSPId], [brandId], [wireId], [machineId], [nccId], [name], [amount], [price], [description], [img], [status]) VALUES (59, 5, 5, 3, 1, 3, N'Đồng hồ trang trí phu thê viên mãn DH61', 37, 2150000, N'TỔNG THỂ HÀI HÒA: Sự kết hợp tinh tế giữa xanh và trắng, kết hợp vòng benzen đính đá tinh tinh xảo. Viền trắng thép 316L tạo nên mặt đồng hồ đẹp như tạc. THIẾT KẾ KINH ĐIỂN: Đặc biệt bức tranh dãy núi Alpes hùng vĩ, cùng bầu trời cao vút. Tạo nên sức mạnh hùng vĩ từ trời Âu.', N'/image/sp143.jpg', 1)
INSERT [dbo].[SanPhams] ([Id], [LSPId], [brandId], [wireId], [machineId], [nccId], [name], [amount], [price], [description], [img], [status]) VALUES (60, 5, 5, 3, 1, 3, N'Đồng hồ trang trí phu thê viên mãn DH60', 43, 2150000, N'TỔNG THỂ HÀI HÒA: Sự kết hợp tinh tế giữa xanh và trắng, kết hợp vòng benzen đính đá tinh tinh xảo. Viền trắng thép 316L tạo nên mặt đồng hồ đẹp như tạc. THIẾT KẾ KINH ĐIỂN: Đặc biệt bức tranh dãy núi Alpes hùng vĩ, cùng bầu trời cao vút. Tạo nên sức mạnh hùng vĩ từ trời Âu.', N'/image/sp142.jpg', 1)
INSERT [dbo].[SanPhams] ([Id], [LSPId], [brandId], [wireId], [machineId], [nccId], [name], [amount], [price], [description], [img], [status]) VALUES (61, 5, 5, 3, 1, 3, N'Đồng hồ trang trí phu thê viên mãn DH59', 40, 2150000, N'TỔNG THỂ HÀI HÒA: Sự kết hợp tinh tế giữa xanh và trắng, kết hợp vòng benzen đính đá tinh tinh xảo. Viền trắng thép 316L tạo nên mặt đồng hồ đẹp như tạc. THIẾT KẾ KINH ĐIỂN: Đặc biệt bức tranh dãy núi Alpes hùng vĩ, cùng bầu trời cao vút. Tạo nên sức mạnh hùng vĩ từ trời Âu.', N'/image/sp141.jpg', 1)
INSERT [dbo].[SanPhams] ([Id], [LSPId], [brandId], [wireId], [machineId], [nccId], [name], [amount], [price], [description], [img], [status]) VALUES (62, 1, 2, 3, 1, 4, N'Đồng hồ để bàn chính hãng HAZEAL K001M', 28, 2350000, N'Kim giây đồng hồ được thiết kế như một cối xay gió đầy tinh xảo đó, ta có thể thấy được sức mạnh, nhiệt huyết luôn cuộn chảy không ngừng nghỉ trong những cỗ máy cơ Caballero. Sức mạnh từ tinh thần chiến đấu quả cảm, hết mình hệt như những hiệp sỹ Tây Ban Nha cổ xưa!', N'/image/sp124.jpg', 1)
INSERT [dbo].[SanPhams] ([Id], [LSPId], [brandId], [wireId], [machineId], [nccId], [name], [amount], [price], [description], [img], [status]) VALUES (63, 1, 2, 3, 1, 4, N'Đồng hồ để bàn chính hãng HAZEAL T1586-81', 22, 2900000, N'Kim giây đồng hồ được thiết kế như một cối xay gió đầy tinh xảo đó, ta có thể thấy được sức mạnh, nhiệt huyết luôn cuộn chảy không ngừng nghỉ trong những cỗ máy cơ Caballero. Sức mạnh từ tinh thần chiến đấu quả cảm, hết mình hệt như những hiệp sỹ Tây Ban Nha cổ xưa!', N'/image/sp125.jpg', 1)
INSERT [dbo].[SanPhams] ([Id], [LSPId], [brandId], [wireId], [machineId], [nccId], [name], [amount], [price], [description], [img], [status]) VALUES (64, 1, 2, 3, 1, 4, N'Đồng hồ để bàn chính hãng HAZEAL T1573', 27, 3680000, N'Kim giây đồng hồ được thiết kế như một cối xay gió đầy tinh xảo đó, ta có thể thấy được sức mạnh, nhiệt huyết luôn cuộn chảy không ngừng nghỉ trong những cỗ máy cơ Caballero. Sức mạnh từ tinh thần chiến đấu quả cảm, hết mình hệt như những hiệp sỹ Tây Ban Nha cổ xưa!', N'/image/sp126.jpg', 1)
INSERT [dbo].[SanPhams] ([Id], [LSPId], [brandId], [wireId], [machineId], [nccId], [name], [amount], [price], [description], [img], [status]) VALUES (65, 1, 2, 3, 1, 4, N'Đồng hồ để bàn chính hãng HAZEAL 1633-81', 26, 2990000, N'Kim giây đồng hồ được thiết kế như một cối xay gió đầy tinh xảo đó, ta có thể thấy được sức mạnh, nhiệt huyết luôn cuộn chảy không ngừng nghỉ trong những cỗ máy cơ Caballero. Sức mạnh từ tinh thần chiến đấu quả cảm, hết mình hệt như những hiệp sỹ Tây Ban Nha cổ xưa!', N'/image/sp127.jpg', 1)
INSERT [dbo].[SanPhams] ([Id], [LSPId], [brandId], [wireId], [machineId], [nccId], [name], [amount], [price], [description], [img], [status]) VALUES (66, 1, 2, 3, 1, 4, N'Đồng hồ để bàn chính hãng HAZEAL 1590Y', 42, 3390000, N'Kim giây đồng hồ được thiết kế như một cối xay gió đầy tinh xảo đó, ta có thể thấy được sức mạnh, nhiệt huyết luôn cuộn chảy không ngừng nghỉ trong những cỗ máy cơ Caballero. Sức mạnh từ tinh thần chiến đấu quả cảm, hết mình hệt như những hiệp sỹ Tây Ban Nha cổ xưa!', N'/image/sp128.jpg', 1)
INSERT [dbo].[SanPhams] ([Id], [LSPId], [brandId], [wireId], [machineId], [nccId], [name], [amount], [price], [description], [img], [status]) VALUES (67, 1, 2, 3, 1, 4, N'Đồng hồ để bàn chính hãng HAZEAL T1568', 35, 2360000, N'Kim giây đồng hồ được thiết kế như một cối xay gió đầy tinh xảo đó, ta có thể thấy được sức mạnh, nhiệt huyết luôn cuộn chảy không ngừng nghỉ trong những cỗ máy cơ Caballero. Sức mạnh từ tinh thần chiến đấu quả cảm, hết mình hệt như những hiệp sỹ Tây Ban Nha cổ xưa!', N'/image/sp129.jpg', 1)
INSERT [dbo].[SanPhams] ([Id], [LSPId], [brandId], [wireId], [machineId], [nccId], [name], [amount], [price], [description], [img], [status]) VALUES (68, 1, 2, 3, 1, 4, N'Đồng hồ để bàn chính hãng HAZEAL T1563', 35, 2360000, N'Kim giây đồng hồ được thiết kế như một cối xay gió đầy tinh xảo đó, ta có thể thấy được sức mạnh, nhiệt huyết luôn cuộn chảy không ngừng nghỉ trong những cỗ máy cơ Caballero. Sức mạnh từ tinh thần chiến đấu quả cảm, hết mình hệt như những hiệp sỹ Tây Ban Nha cổ xưa!', N'/image/sp130.jpg', 1)
INSERT [dbo].[SanPhams] ([Id], [LSPId], [brandId], [wireId], [machineId], [nccId], [name], [amount], [price], [description], [img], [status]) VALUES (69, 1, 2, 3, 1, 4, N'Đồng hồ để bàn chính hãng HAZEAL T1570', 33, 3750000, N'Kim giây đồng hồ được thiết kế như một cối xay gió đầy tinh xảo đó, ta có thể thấy được sức mạnh, nhiệt huyết luôn cuộn chảy không ngừng nghỉ trong những cỗ máy cơ Caballero. Sức mạnh từ tinh thần chiến đấu quả cảm, hết mình hệt như những hiệp sỹ Tây Ban Nha cổ xưa!', N'/image/sp131.jpg', 1)
INSERT [dbo].[SanPhams] ([Id], [LSPId], [brandId], [wireId], [machineId], [nccId], [name], [amount], [price], [description], [img], [status]) VALUES (70, 1, 2, 3, 1, 3, N'Đồng hồ để bàn chính hãng HAZEAL A6952', 19, 3650000, N'Kim giây đồng hồ được thiết kế như một cối xay gió đầy tinh xảo đó, ta có thể thấy được sức mạnh, nhiệt huyết luôn cuộn chảy không ngừng nghỉ trong những cỗ máy cơ Caballero. Sức mạnh từ tinh thần chiến đấu quả cảm, hết mình hệt như những hiệp sỹ Tây Ban Nha cổ xưa!', N'/image/sp132.jpg', 1)
INSERT [dbo].[SanPhams] ([Id], [LSPId], [brandId], [wireId], [machineId], [nccId], [name], [amount], [price], [description], [img], [status]) VALUES (71, 5, 6, 3, 1, 3, N'Đồng hồ trang trí chim công DH31', 25, 1450000, N'NÉT CỔ ĐIỂN HIẾM CÓ: Đúng như tên gọi “Caballero”, Poniger P7.23-1 sở hữu nét đẹp cổ điển hiếm có, phảng phất phong vị xưa cũ. Chất cổ điển, lịch lãm toát lên từ màu sắc, kiểu dáng cũng như những chi tiết nhấn nhá tinh tế.', N'/image/sp133.jpg', 1)
INSERT [dbo].[SanPhams] ([Id], [LSPId], [brandId], [wireId], [machineId], [nccId], [name], [amount], [price], [description], [img], [status]) VALUES (72, 5, 6, 3, 1, 3, N'Đồng hồ trang trí nghệ thuật họa tiết Lá DH54', 28, 1450000, N'NÉT CỔ ĐIỂN HIẾM CÓ: Đúng như tên gọi “Caballero”, Poniger P7.23-1 sở hữu nét đẹp cổ điển hiếm có, phảng phất phong vị xưa cũ. Chất cổ điển, lịch lãm toát lên từ màu sắc, kiểu dáng cũng như những chi tiết nhấn nhá tinh tế.', N'/image/sp134.jpg', 1)
INSERT [dbo].[SanPhams] ([Id], [LSPId], [brandId], [wireId], [machineId], [nccId], [name], [amount], [price], [description], [img], [status]) VALUES (73, 5, 6, 3, 1, 3, N'Đồng hồ trang trí nghệ thuật họa tiết Lá DH37', 35, 1050000, N'NÉT CỔ ĐIỂN HIẾM CÓ: Đúng như tên gọi “Caballero”, Poniger P7.23-1 sở hữu nét đẹp cổ điển hiếm có, phảng phất phong vị xưa cũ. Chất cổ điển, lịch lãm toát lên từ màu sắc, kiểu dáng cũng như những chi tiết nhấn nhá tinh tế.', N'/image/sp135.jpg', 1)
INSERT [dbo].[SanPhams] ([Id], [LSPId], [brandId], [wireId], [machineId], [nccId], [name], [amount], [price], [description], [img], [status]) VALUES (74, 5, 6, 3, 1, 3, N'Đồng hồ trang trí nghệ thuật họa tiết Lá DH53', 25, 1400000, N'NÉT CỔ ĐIỂN HIẾM CÓ: Đúng như tên gọi “Caballero”, Poniger P7.23-1 sở hữu nét đẹp cổ điển hiếm có, phảng phất phong vị xưa cũ. Chất cổ điển, lịch lãm toát lên từ màu sắc, kiểu dáng cũng như những chi tiết nhấn nhá tinh tế.', N'/image/sp136.jpg', 1)
INSERT [dbo].[SanPhams] ([Id], [LSPId], [brandId], [wireId], [machineId], [nccId], [name], [amount], [price], [description], [img], [status]) VALUES (75, 5, 6, 3, 1, 3, N'Đồng hồ trang trí chim công DH01', 42, 1100000, N'NÉT CỔ ĐIỂN HIẾM CÓ: Đúng như tên gọi “Caballero”, Poniger P7.23-1 sở hữu nét đẹp cổ điển hiếm có, phảng phất phong vị xưa cũ. Chất cổ điển, lịch lãm toát lên từ màu sắc, kiểu dáng cũng như những chi tiết nhấn nhá tinh tế.', N'/image/sp137.jpg', 1)
INSERT [dbo].[SanPhams] ([Id], [LSPId], [brandId], [wireId], [machineId], [nccId], [name], [amount], [price], [description], [img], [status]) VALUES (76, 5, 6, 3, 1, 3, N'Đồng hồ trang trí nghệ thuật DecorDH67', 45, 950000, N'NÉT CỔ ĐIỂN HIẾM CÓ: Đúng như tên gọi “Caballero”, Poniger P7.23-1 sở hữu nét đẹp cổ điển hiếm có, phảng phất phong vị xưa cũ. Chất cổ điển, lịch lãm toát lên từ màu sắc, kiểu dáng cũng như những chi tiết nhấn nhá tinh tế.', N'/image/sp138.jpg', 1)
INSERT [dbo].[SanPhams] ([Id], [LSPId], [brandId], [wireId], [machineId], [nccId], [name], [amount], [price], [description], [img], [status]) VALUES (77, 5, 6, 3, 1, 3, N'Đồng hồ trang trí nghệ thuật họa tiết Lá DH43', 40, 1350000, N'NÉT CỔ ĐIỂN HIẾM CÓ: Đúng như tên gọi “Caballero”, Poniger P7.23-1 sở hữu nét đẹp cổ điển hiếm có, phảng phất phong vị xưa cũ. Chất cổ điển, lịch lãm toát lên từ màu sắc, kiểu dáng cũng như những chi tiết nhấn nhá tinh tế.', N'/image/sp139.jpg', 1)
INSERT [dbo].[SanPhams] ([Id], [LSPId], [brandId], [wireId], [machineId], [nccId], [name], [amount], [price], [description], [img], [status]) VALUES (78, 5, 6, 3, 1, 3, N'Đồng hồ trang trí nghệ thuật họa tiết Lá DH21', 40, 1450000, N'NÉT CỔ ĐIỂN HIẾM CÓ: Đúng như tên gọi “Caballero”, Poniger P7.23-1 sở hữu nét đẹp cổ điển hiếm có, phảng phất phong vị xưa cũ. Chất cổ điển, lịch lãm toát lên từ màu sắc, kiểu dáng cũng như những chi tiết nhấn nhá tinh tế.', N'/image/sp140.jpg', 1)
INSERT [dbo].[SanPhams] ([Id], [LSPId], [brandId], [wireId], [machineId], [nccId], [name], [amount], [price], [description], [img], [status]) VALUES (79, 2, 1, 2, 1, 5, N'Đồng hồ đôi chính hãng LOBINNI L3004-12', 32, 6000000, N'Lobinni cam kết chất lượng của sản phẩm luôn là tiêu chí hàng đầu. Mỗi sản phẩm được tạo ra đều xuất phát từ cảm xúc của nghệ nhân sáng tác. Với mỗi chiếc đồng hồ tạo ra chúng đánh dấu khoảng khắc quý giá của của các nghệ nhân và là một phần lịch sử thương hiệu trong chặng đường chinh phục trái tim người yêu đồng hồ.', N'/image/sp83.jpg', 1)
INSERT [dbo].[SanPhams] ([Id], [LSPId], [brandId], [wireId], [machineId], [nccId], [name], [amount], [price], [description], [img], [status]) VALUES (80, 2, 1, 2, 1, 5, N'Đồng hồ đôi chính hãng LOBINNI L3004-11', 34, 6000000, N'Lobinni cam kết chất lượng của sản phẩm luôn là tiêu chí hàng đầu. Mỗi sản phẩm được tạo ra đều xuất phát từ cảm xúc của nghệ nhân sáng tác. Với mỗi chiếc đồng hồ tạo ra chúng đánh dấu khoảng khắc quý giá của của các nghệ nhân và là một phần lịch sử thương hiệu trong chặng đường chinh phục trái tim người yêu đồng hồ.', N'/image/sp82.jpg', 1)
INSERT [dbo].[SanPhams] ([Id], [LSPId], [brandId], [wireId], [machineId], [nccId], [name], [amount], [price], [description], [img], [status]) VALUES (81, 2, 1, 2, 1, 5, N'Đồng hồ đôi chính hãng LOBINNI L3004-10', 27, 6000000, N'Lobinni cam kết chất lượng của sản phẩm luôn là tiêu chí hàng đầu. Mỗi sản phẩm được tạo ra đều xuất phát từ cảm xúc của nghệ nhân sáng tác. Với mỗi chiếc đồng hồ tạo ra chúng đánh dấu khoảng khắc quý giá của của các nghệ nhân và là một phần lịch sử thương hiệu trong chặng đường chinh phục trái tim người yêu đồng hồ.', N'/image/sp81.jpg', 1)
INSERT [dbo].[SanPhams] ([Id], [LSPId], [brandId], [wireId], [machineId], [nccId], [name], [amount], [price], [description], [img], [status]) VALUES (82, 2, 4, 1, 1, 5, N'Đồng hồ đôi chính hãng KASSAW K863-9', 21, 12500000, N'Thành Hưng Watch - Tự hào là đơn vị phân phối độc quyền thương hiệu đồng hồ KASSAW tại Việt Nam', N'/image/sp80.jpg', 1)
INSERT [dbo].[SanPhams] ([Id], [LSPId], [brandId], [wireId], [machineId], [nccId], [name], [amount], [price], [description], [img], [status]) VALUES (83, 4, 3, 1, 1, 4, N'Đồng hồ nam chính hãng Teintop T7016-2', 37, 1550000, N'BỘ MÁY ĐA DẠNG: Từ những cỗ máy QUARTZ chính xác đến từng giây đếm nhịp tới những cỗ máy CƠ ráp máy Miyota Nhật Bản bền bỉ. Điều đặc biệt, trong tầm giá trên 1 TRIỆU, bạn sẽ khó tìm được một cỗ máy đẳng cấp và chất lượng như TeinTop.', N'/image/sp23.jpg', 1)
INSERT [dbo].[SanPhams] ([Id], [LSPId], [brandId], [wireId], [machineId], [nccId], [name], [amount], [price], [description], [img], [status]) VALUES (84, 4, 3, 1, 1, 4, N'Đồng hồ nam chính hãng Teintop T7016-2', 38, 1550000, N'BỘ MÁY ĐA DẠNG: Từ những cỗ máy QUARTZ chính xác đến từng giây đếm nhịp tới những cỗ máy CƠ ráp máy Miyota Nhật Bản bền bỉ. Điều đặc biệt, trong tầm giá trên 1 TRIỆU, bạn sẽ khó tìm được một cỗ máy đẳng cấp và chất lượng như TeinTop.', N'/image/sp24.jpg', 1)
INSERT [dbo].[SanPhams] ([Id], [LSPId], [brandId], [wireId], [machineId], [nccId], [name], [amount], [price], [description], [img], [status]) VALUES (85, 4, 3, 1, 1, 4, N'Đồng hồ nam chính hãng Teintop T7016-3', 47, 1550000, N'BỘ MÁY ĐA DẠNG: Từ những cỗ máy QUARTZ chính xác đến từng giây đếm nhịp tới những cỗ máy CƠ ráp máy Miyota Nhật Bản bền bỉ. Điều đặc biệt, trong tầm giá trên 1 TRIỆU, bạn sẽ khó tìm được một cỗ máy đẳng cấp và chất lượng như TeinTop.', N'/image/sp25.jpg', 1)
INSERT [dbo].[SanPhams] ([Id], [LSPId], [brandId], [wireId], [machineId], [nccId], [name], [amount], [price], [description], [img], [status]) VALUES (86, 4, 3, 1, 1, 4, N'Đồng hồ nam chính hãng Teintop T7016-4', 50, 1550000, N'BỘ MÁY ĐA DẠNG: Từ những cỗ máy QUARTZ chính xác đến từng giây đếm nhịp tới những cỗ máy CƠ ráp máy Miyota Nhật Bản bền bỉ. Điều đặc biệt, trong tầm giá trên 1 TRIỆU, bạn sẽ khó tìm được một cỗ máy đẳng cấp và chất lượng như TeinTop.', N'/image/sp26.jpg', 1)
INSERT [dbo].[SanPhams] ([Id], [LSPId], [brandId], [wireId], [machineId], [nccId], [name], [amount], [price], [description], [img], [status]) VALUES (87, 4, 3, 2, 1, 6, N'Đồng hồ nam chính hãng Teintop T7016-5', 32, 1550000, N'KÍNH SAPPHIRE với độ chống xước hoàn hảo, độ cứng chỉ xếp sau kim cương. Đặc biệt, một số dòng sản phẩm sử dụng loại kính Sapphire cong cớn tạo chiều sâu cho mặt số. Với một mức giá tầm trung, đây có thể xem là ĐIỂM SÁNG đáng ghi nhận của cỗ máy thời gian này!', N'/image/sp27.jpg', 1)
INSERT [dbo].[SanPhams] ([Id], [LSPId], [brandId], [wireId], [machineId], [nccId], [name], [amount], [price], [description], [img], [status]) VALUES (88, 4, 3, 2, 1, 6, N'Đồng hồ nam chính hãng Teintop T7016-6', 33, 1550000, N'KÍNH SAPPHIRE với độ chống xước hoàn hảo, độ cứng chỉ xếp sau kim cương. Đặc biệt, một số dòng sản phẩm sử dụng loại kính Sapphire cong cớn tạo chiều sâu cho mặt số. Với một mức giá tầm trung, đây có thể xem là ĐIỂM SÁNG đáng ghi nhận của cỗ máy thời gian này!', N'/image/sp28.jpg', 1)
INSERT [dbo].[SanPhams] ([Id], [LSPId], [brandId], [wireId], [machineId], [nccId], [name], [amount], [price], [description], [img], [status]) VALUES (89, 4, 3, 2, 1, 6, N'Đồng hồ nam chính hãng Teintop T7016-7', 40, 1550000, N'KÍNH SAPPHIRE với độ chống xước hoàn hảo, độ cứng chỉ xếp sau kim cương. Đặc biệt, một số dòng sản phẩm sử dụng loại kính Sapphire cong cớn tạo chiều sâu cho mặt số. Với một mức giá tầm trung, đây có thể xem là ĐIỂM SÁNG đáng ghi nhận của cỗ máy thời gian này!', N'/image/sp29.jpg', 1)
INSERT [dbo].[SanPhams] ([Id], [LSPId], [brandId], [wireId], [machineId], [nccId], [name], [amount], [price], [description], [img], [status]) VALUES (90, 4, 3, 1, 1, 3, N'Đồng hồ nam chính hãng Teintop T7015-6', 35, 1250000, N'KÍNH SAPPHIRE với độ chống xước hoàn hảo, độ cứng chỉ xếp sau kim cương. Đặc biệt, một số dòng sản phẩm sử dụng loại kính Sapphire cong cớn tạo chiều sâu cho mặt số. Với một mức giá tầm trung, đây có thể xem là ĐIỂM SÁNG đáng ghi nhận của cỗ máy thời gian này!', N'/image/sp22.jpg', 1)
INSERT [dbo].[SanPhams] ([Id], [LSPId], [brandId], [wireId], [machineId], [nccId], [name], [amount], [price], [description], [img], [status]) VALUES (91, 4, 3, 2, 1, 6, N'Đồng hồ nam chính hãng Teintop T7016-8', 40, 1550000, N'KÍNH SAPPHIRE với độ chống xước hoàn hảo, độ cứng chỉ xếp sau kim cương. Đặc biệt, một số dòng sản phẩm sử dụng loại kính Sapphire cong cớn tạo chiều sâu cho mặt số. Với một mức giá tầm trung, đây có thể xem là ĐIỂM SÁNG đáng ghi nhận của cỗ máy thời gian này!', N'/image/sp30.jpg', 1)
INSERT [dbo].[SanPhams] ([Id], [LSPId], [brandId], [wireId], [machineId], [nccId], [name], [amount], [price], [description], [img], [status]) VALUES (92, 4, 3, 2, 1, 7, N'Đồng hồ nam chính hãng Teintop T7017-1', 30, 1860000, N'Sở dĩ tôi đánh giá rất cao cỗ máy này bởi: Trong tầm giá trên hơn1 triệu, bạn sẽ khó có thể tìm được một chiếc đồng hồ hội tụ nhiều ĐIỂM SÁNG như TEINTOP T7017-1: độ chống nước tới 30M, sử dụng kỹ nghệ đánh vân Guilloché tinh xảo và đặc biệt là ráp kính SAPPHIRE với độ chống xước gần như tuyệt đối.', N'/image/sp32.jpg', 1)
INSERT [dbo].[SanPhams] ([Id], [LSPId], [brandId], [wireId], [machineId], [nccId], [name], [amount], [price], [description], [img], [status]) VALUES (93, 4, 4, 2, 1, 8, N'Đồng hồ nam chính hãng KASSAW K867-1', 50, 3950000, N'Một chiếc đồng hồ màu xanh luôn có sức hút đặc biệt đến lạ kỳ và việc sở hữu một chiếc đồng hồ mặt xanh tinh tế như thế, càng chứng tỏ bạn là người nhạy cảm, giàu cảm xúc.', N'/image/sp33.jpg', 0)
INSERT [dbo].[SanPhams] ([Id], [LSPId], [brandId], [wireId], [machineId], [nccId], [name], [amount], [price], [description], [img], [status]) VALUES (94, 4, 4, 2, 1, 8, N'Đồng hồ nam chính hãng KASSAW K867-2', 47, 3950000, N'Hơn thế nữa, còn khẳng định trong cuộc sống, bạn là người hướng nội, hay che giấu cảm xúc, có thể ngồi hàng giờ để nghe những tâm sự, bộc bạch.', N'/image/sp34.jpg', 1)
INSERT [dbo].[SanPhams] ([Id], [LSPId], [brandId], [wireId], [machineId], [nccId], [name], [amount], [price], [description], [img], [status]) VALUES (95, 3, 4, 2, 1, 8, N'Đồng hồ nữ chính hãng KASSAW K820-1', 48, 4350000, N'KÍNH SAPPHIRE với độ chống xước hoàn hảo, độ cứng chỉ xếp sau kim cương. Đặc biệt, một số dòng sản phẩm sử dụng loại kính Sapphire cong cớn tạo chiều sâu cho mặt số. Với một mức giá tầm trung, đây có thể xem là ĐIỂM SÁNG đáng ghi nhận của cỗ máy thời gian này!', N'/image/sp35.jpg', 1)
INSERT [dbo].[SanPhams] ([Id], [LSPId], [brandId], [wireId], [machineId], [nccId], [name], [amount], [price], [description], [img], [status]) VALUES (96, 3, 4, 2, 1, 8, N'Đồng hồ nữ chính hãng KASSAW K820-2', 48, 4350000, N'KÍNH SAPPHIRE với độ chống xước hoàn hảo, độ cứng chỉ xếp sau kim cương. Đặc biệt, một số dòng sản phẩm sử dụng loại kính Sapphire cong cớn tạo chiều sâu cho mặt số. Với một mức giá tầm trung, đây có thể xem là ĐIỂM SÁNG đáng ghi nhận của cỗ máy thời gian này!', N'/image/sp36.jpg', 1)
INSERT [dbo].[SanPhams] ([Id], [LSPId], [brandId], [wireId], [machineId], [nccId], [name], [amount], [price], [description], [img], [status]) VALUES (97, 3, 4, 2, 1, 7, N'Đồng hồ nữ chính hãng KASSAW K820-3', 45, 4350000, N'KÍNH SAPPHIRE với độ chống xước hoàn hảo, độ cứng chỉ xếp sau kim cương. Đặc biệt, một số dòng sản phẩm sử dụng loại kính Sapphire cong cớn tạo chiều sâu cho mặt số. Với một mức giá tầm trung, đây có thể xem là ĐIỂM SÁNG đáng ghi nhận của cỗ máy thời gian này!', N'/image/sp37.jpg', 1)
INSERT [dbo].[SanPhams] ([Id], [LSPId], [brandId], [wireId], [machineId], [nccId], [name], [amount], [price], [description], [img], [status]) VALUES (98, 3, 4, 1, 1, 7, N'Đồng hồ nữ chính hãng KASSAW K820-4', 32, 4350000, N'KÍNH SAPPHIRE với độ chống xước hoàn hảo, độ cứng chỉ xếp sau kim cương. Đặc biệt, một số dòng sản phẩm sử dụng loại kính Sapphire cong cớn tạo chiều sâu cho mặt số. Với một mức giá tầm trung, đây có thể xem là ĐIỂM SÁNG đáng ghi nhận của cỗ máy thời gian này!', N'/image/sp38.jpg', 1)
INSERT [dbo].[SanPhams] ([Id], [LSPId], [brandId], [wireId], [machineId], [nccId], [name], [amount], [price], [description], [img], [status]) VALUES (99, 4, 3, 2, 1, 6, N'Đồng hồ nam chính hãng Teintop T7016-9', 40, 1550000, N'KÍNH SAPPHIRE với độ chống xước hoàn hảo, độ cứng chỉ xếp sau kim cương. Đặc biệt, một số dòng sản phẩm sử dụng loại kính Sapphire cong cớn tạo chiều sâu cho mặt số. Với một mức giá tầm trung, đây có thể xem là ĐIỂM SÁNG đáng ghi nhận của cỗ máy thời gian này!', N'/image/sp31.jpg', 1)
GO
INSERT [dbo].[SanPhams] ([Id], [LSPId], [brandId], [wireId], [machineId], [nccId], [name], [amount], [price], [description], [img], [status]) VALUES (100, 4, 3, 1, 1, 3, N'Đồng hồ nam chính hãng Teintop T7015-5', 42, 1250000, N'Phải nói rằng: Trong tầm giá chỉ hơn 1 triệu đồng, hiếm có thương hiệu nào “CHỊU CHƠI” như TEINTOP khi đầu tư 100% kính SAPPHIRE - loại kính cao cấp nhất hiện nay cho các sản phẩm của mình.', N'/image/sp21.jpg', 1)
INSERT [dbo].[SanPhams] ([Id], [LSPId], [brandId], [wireId], [machineId], [nccId], [name], [amount], [price], [description], [img], [status]) VALUES (101, 4, 3, 1, 1, 3, N'Đồng hồ nam chính hãng Teintop T7016-10', 46, 1250000, N'BỘ MÁY ĐA DẠNG: Từ những cỗ máy QUARTZ chính xác đến từng giây đếm nhịp tới những cỗ máy CƠ ráp máy Miyota Nhật Bản bền bỉ. Điều đặc biệt, trong tầm giá trên 1 TRIỆU, bạn sẽ khó tìm được một cỗ máy đẳng cấp và chất lượng như TeinTop.', N'/image/sp20.jpg', 1)
INSERT [dbo].[SanPhams] ([Id], [LSPId], [brandId], [wireId], [machineId], [nccId], [name], [amount], [price], [description], [img], [status]) VALUES (102, 4, 3, 1, 1, 3, N'Đồng hồ nam chính hãng Teintop T7016-10', 50, 1550000, N'BỘ MÁY ĐA DẠNG: Từ những cỗ máy QUARTZ chính xác đến từng giây đếm nhịp tới những cỗ máy CƠ ráp máy Miyota Nhật Bản bền bỉ. Điều đặc biệt, trong tầm giá trên 1 TRIỆU, bạn sẽ khó tìm được một cỗ máy đẳng cấp và chất lượng như TeinTop', N'/image/sp19.jpg', 1)
INSERT [dbo].[SanPhams] ([Id], [LSPId], [brandId], [wireId], [machineId], [nccId], [name], [amount], [price], [description], [img], [status]) VALUES (103, 4, 1, 2, 1, 2, N'Đồng hồ nam chính hãng LOBINNI L1810-1', 38, 5350000, N'ĐỘ CHÍNH XÁC CAO - HOẠT ĐỘNG ỔN ĐỊNH - BỀN BỈ, HIỆN ĐẠI, sở hữu 21 chân kính bảo vệ khớp nối, tần số 21.600 giúp đồng hồ vận hành bền bỉ, mượt mà', N'/image/sp7.jpg', 1)
INSERT [dbo].[SanPhams] ([Id], [LSPId], [brandId], [wireId], [machineId], [nccId], [name], [amount], [price], [description], [img], [status]) VALUES (104, 4, 1, 1, 1, 1, N'Đồng hồ nam chính hãng LOBINNI L9010-3', 36, 5280000, N'Vàng hồng 18K: Là vàng nguyên khối, phủ trọn gần như là toàn bộ mặt số đồng hồ LOBINNI L9010. Trong khi đó, sự sang trọng lại được kết hợp với nền tảng Skeleton độc đáo, giúp các quý ông chìm đắm ở cả mặt trước lẫn mặt sau thiết kế.', N'/image/sp6.jpg', 1)
INSERT [dbo].[SanPhams] ([Id], [LSPId], [brandId], [wireId], [machineId], [nccId], [name], [amount], [price], [description], [img], [status]) VALUES (105, 4, 1, 1, 1, 1, N'Đồng hồ nam chính hãng LOBINNI L18016-1', 52, 4850000, N'VẺ ĐẸP CỔ ĐIỂN: Kiểu số cọc nổi xen lẫn số học trò và vân Guilloche'' đã tạo nên sức hút mạnh mẽ cho Lobinni. Nét đẹp mang phong cách cổ điển nhưng rất hợp với phong thái của các quý ông thời đại.', N'/image/sp5.jpg', 1)
INSERT [dbo].[SanPhams] ([Id], [LSPId], [brandId], [wireId], [machineId], [nccId], [name], [amount], [price], [description], [img], [status]) VALUES (106, 4, 1, 1, 1, 8, N'Đồng hồ nam chính hãng LOBINNI L16050-2', 50, 4800000, N'Lobinni luôn quan niệm chiếc đồng hồ là thứ ghi lại những khoảnh khắc quý giá nhất trong cuộc sống. Để có được những chiếc đồng hồ có chất lượng tốt nhất Lobinni luôn tuyển chọn những người thợ thủ công có tay nghề cao, ít nhất 10 năm kinh nghiệm trong ngành thiết kế và sản xuất đồng hồ.', N'/image/sp4.jpg', 1)
INSERT [dbo].[SanPhams] ([Id], [LSPId], [brandId], [wireId], [machineId], [nccId], [name], [amount], [price], [description], [img], [status]) VALUES (107, 4, 1, 2, 1, 8, N'Đồng hồ nam chính hãng LOBINNI L9010-1', 42, 5280000, N'Tuyệt tác đồng hồ LOBINNI L9010 phô diễn những đường nét nghệ thuật đã giúp khơi gợi nên hình ảnh của một quý ông phong trần, lịch lãm. Dưới lớp kính Sapphire cao cấp, toàn bộ tinh hoa, giá trị của đồng hồ Thụy Sỹ toát ra mạnh mẽ.', N'/image/sp3.jpg', 1)
INSERT [dbo].[SanPhams] ([Id], [LSPId], [brandId], [wireId], [machineId], [nccId], [name], [amount], [price], [description], [img], [status]) VALUES (108, 4, 1, 1, 1, 8, N'Đồng hồ nam chính hãng LOBINNI L12032-1', 35, 4550000, N'Lobinni cam kết chất lượng của sản phẩm luôn là tiêu chí hàng đầu. Mỗi sản phẩm được tạo ra đều xuất phát từ cảm xúc của nghệ nhân sáng tác. Với mỗi chiếc đồng hồ tạo ra chúng đánh dấu khoảng khắc quý giá của của các nghệ nhân và là một phần lịch sử thương hiệu trong chặng đường chinh phục trái tim người yêu đồng hồ.', N'/image/sp2.jpg', 1)
INSERT [dbo].[SanPhams] ([Id], [LSPId], [brandId], [wireId], [machineId], [nccId], [name], [amount], [price], [description], [img], [status]) VALUES (109, 4, 1, 2, 1, 7, N'Đồng hồ nam chính hãng LOBINNI L17511-1', 30, 5480000, N'ĐƠN GIẢN nhưng TINH TẾ: Thiết kế 3 kim 1 lịch cùng cọc số thanh mảnh nổi hẳn giữa màu mặt xanh thẳm cho thấy sự chỉn chu, sắc sảo trong từng đường nét. SẮC VÀNG HỒNG VƯƠNG GIẢ: Sự uy quyền, sang trọng được tạo nên bởi sắc vàng kim rực rỡ nhờ công nghệ mạ PVD tiên tiến nhất hiện nay.', N'/image/sp1.jpg', 1)
INSERT [dbo].[SanPhams] ([Id], [LSPId], [brandId], [wireId], [machineId], [nccId], [name], [amount], [price], [description], [img], [status]) VALUES (110, 4, 1, 1, 1, 2, N'Đồng hồ nam chính hãng LOBINNI L5018-1', 28, 5530000, N'Thiết kế 3 kim được vót nhọn thanh mảnh vô cùng đơn giản, toàn bộ phần kim và phần số được mạ vàng nổi bật trên nền đen cổ điển huyền bí. Bộ máy bền bỉ in-house chính hãng Lobinni sản xuất – một trong những cỗ máy được đánh giá bền bỉ và chính xác bậc nhất.', N'/image/sp9.jpg', 1)
INSERT [dbo].[SanPhams] ([Id], [LSPId], [brandId], [wireId], [machineId], [nccId], [name], [amount], [price], [description], [img], [status]) VALUES (111, 4, 1, 1, 1, 2, N'Đồng hồ nam chính hãng LOBINNI L18012-2', 25, 5880000, N'Là một trong hai màu sắc cơ bản đầy ấn tượng, màu đen đem đến một sự lôi cuốn đặc biệt đến từ phái mạnh. Nó làm tăng lên sự lịch lãm đầy sang trọng và sự bí ẩn cho các quý ông. Vừa là sự lựa chọn an toàn, vừa chuẩn mực đàn ông, những phụ kiện màu đen luôn là sự lựa chọn số một của mọi quý ông.', N'/image/sp10.jpg', 1)
INSERT [dbo].[SanPhams] ([Id], [LSPId], [brandId], [wireId], [machineId], [nccId], [name], [amount], [price], [description], [img], [status]) VALUES (112, 4, 1, 2, 1, 2, N'Đồng hồ nam chính hãng LOBINNI Ref.1023-7 (Phiên bản đặc biệt Limited)', 18, 4450000, N'Tính năng SUN & MOON độc lạ với biểu tượng Nhật - Nguyệt tương phùng như ôm trọn cả vòng tuần hoàn ngày đêm trên cổ tay. Tính năng SUN & MOON độc lạ với biểu tượng Nhật - Nguyệt tương phùng như ôm trọn cả vòng tuần hoàn ngày đêm trên cổ tay. Trên nền mặt trắng với viền xung quanh vàng hồng sang trọng nổi bật, tinh xảo, đậm chất nghệ thuật tựa như những tia sáng mặt trời tỏa rạng, đẹp mê hồn.', N'/image/sp11.jpg', 1)
INSERT [dbo].[SanPhams] ([Id], [LSPId], [brandId], [wireId], [machineId], [nccId], [name], [amount], [price], [description], [img], [status]) VALUES (113, 4, 1, 2, 1, 2, N'Đồng hồ nam chính hãng LOBINNI Ref.1023-8 (Phiên bản đặc biệt Limited)', 18, 4450000, N'Tính năng SUN & MOON độc lạ với biểu tượng Nhật - Nguyệt tương phùng như ôm trọn cả vòng tuần hoàn ngày đêm trên cổ tay. Tính năng SUN & MOON độc lạ với biểu tượng Nhật - Nguyệt tương phùng như ôm trọn cả vòng tuần hoàn ngày đêm trên cổ tay. Trên nền mặt trắng với viền xung quanh vàng hồng sang trọng nổi bật, tinh xảo, đậm chất nghệ thuật tựa như những tia sáng mặt trời tỏa rạng, đẹp mê hồn.', N'/image/sp12.jpg', 1)
INSERT [dbo].[SanPhams] ([Id], [LSPId], [brandId], [wireId], [machineId], [nccId], [name], [amount], [price], [description], [img], [status]) VALUES (114, 4, 1, 2, 1, 2, N'Đồng hồ nam chính hãng LOBINNI Ref.1023-9 (Phiên bản đặc biệt Limited)', 18, 4450000, N'Tính năng SUN & MOON độc lạ với biểu tượng Nhật - Nguyệt tương phùng như ôm trọn cả vòng tuần hoàn ngày đêm trên cổ tay. Tính năng SUN & MOON độc lạ với biểu tượng Nhật - Nguyệt tương phùng như ôm trọn cả vòng tuần hoàn ngày đêm trên cổ tay. Trên nền mặt trắng với viền xung quanh vàng hồng sang trọng nổi bật, tinh xảo, đậm chất nghệ thuật tựa như những tia sáng mặt trời tỏa rạng, đẹp mê hồn.', N'/image/sp13.jpg', 1)
INSERT [dbo].[SanPhams] ([Id], [LSPId], [brandId], [wireId], [machineId], [nccId], [name], [amount], [price], [description], [img], [status]) VALUES (115, 4, 1, 2, 1, 2, N'Đồng hồ nam chính hãng LOBINNI L9010-6', 23, 5380000, N'Máy Miyota 8215: Cỗ máy Miyota hoạt động vô cùng mạnh mẽ. Citizen nhà sản xuất bộ máy Miyota luôn mang đến cho đồng hồ LOBINNI máy cơ nói riêng, đồng hồ cơ trên toàn thế giới nói chung những giá trị tuyệt diệu về độ bền, độ chính xác, chức năng cũng như giá cả! Đáp ứng mọi tiêu chuẩn khắt khe của người dùng.', N'/image/sp14.jpg', 1)
INSERT [dbo].[SanPhams] ([Id], [LSPId], [brandId], [wireId], [machineId], [nccId], [name], [amount], [price], [description], [img], [status]) VALUES (116, 4, 1, 1, 1, 3, N'Đồng hồ nam chính hãng LOBINNI L12030-1', 33, 4650000, N'Lobinni luôn quan niệm chiếc đồng hồ là thứ ghi lại những khoảnh khắc quý giá nhất trong cuộc sống. Để có được những chiếc đồng hồ có chất lượng tốt nhất Lobinni luôn tuyển chọn những người thợ thủ công có tay nghề cao, ít nhất 10 năm kinh nghiệm trong ngành thiết kế và sản xuất đồng hồ.', N'/image/sp15.jpg', 1)
INSERT [dbo].[SanPhams] ([Id], [LSPId], [brandId], [wireId], [machineId], [nccId], [name], [amount], [price], [description], [img], [status]) VALUES (117, 4, 3, 1, 1, 3, N'Đồng hồ nam chính hãng Teintop T7015-1', 48, 1250000, N'KÍNH SAPPHIRE với độ chống xước hoàn hảo, độ cứng chỉ xếp sau kim cương. Đặc biệt, một số dòng sản phẩm sử dụng loại kính Sapphire cong cớn tạo chiều sâu cho mặt số. Với một mức giá tầm trung, đây có thể xem là ĐIỂM SÁNG đáng ghi nhận của cỗ máy thời gian này!', N'/image/sp16.jpg', 1)
INSERT [dbo].[SanPhams] ([Id], [LSPId], [brandId], [wireId], [machineId], [nccId], [name], [amount], [price], [description], [img], [status]) VALUES (118, 4, 3, 1, 1, 3, N'Đồng hồ nam chính hãng Teintop T7015-2', 50, 1250000, N'BỘ MÁY ĐA DẠNG: Từ những cỗ máy QUARTZ chính xác đến từng giây đếm nhịp tới những cỗ máy CƠ ráp máy Miyota Nhật Bản bền bỉ. Điều đặc biệt, trong tầm giá trên 1 TRIỆU, bạn sẽ khó tìm được một cỗ máy đẳng cấp và chất lượng như TeinTop T7015-4.', N'/image/sp17.jpg', 1)
INSERT [dbo].[SanPhams] ([Id], [LSPId], [brandId], [wireId], [machineId], [nccId], [name], [amount], [price], [description], [img], [status]) VALUES (119, 4, 3, 1, 1, 3, N'Đồng hồ nam chính hãng Teintop T7015-3', 50, 1250000, N'KÍNH SAPPHIRE với độ chống xước hoàn hảo, độ cứng chỉ xếp sau kim cương. Đặc biệt, một số dòng sản phẩm sử dụng loại kính Sapphire cong cớn tạo chiều sâu cho mặt số. Với một mức giá tầm trung, đây có thể xem là ĐIỂM SÁNG đáng ghi nhận của cỗ máy thời gian này!', N'/image/sp18.jpg', 1)
INSERT [dbo].[SanPhams] ([Id], [LSPId], [brandId], [wireId], [machineId], [nccId], [name], [amount], [price], [description], [img], [status]) VALUES (120, 3, 3, 2, 1, 7, N'Đồng hồ nữ chính hãng Teintop T8685-2', 31, 2750000, N'Nhiệm vụ của Teintop không chỉ giới hạn trong việc quan tâm đến thế giới đồng hồ dành cho những người sành sỏi đồng hồ chất lượng và nổi bật mà còn là để giúp cho những người có đam mê với đồng hồ lựa chọn và đánh giá những sản phẩm chất lượng cao, những người mong muốn sở hữu những mẫu đồng hồ cổ điển sang trọng với giá cả hợp lý.', N'/image/sp39.jpg', 1)
INSERT [dbo].[SanPhams] ([Id], [LSPId], [brandId], [wireId], [machineId], [nccId], [name], [amount], [price], [description], [img], [status]) VALUES (121, 5, 5, 3, 1, 2, N'Đồng hồ trang trí nghệ thuật họa tiết Lá DH26', 26, 1250000, N'TỔNG THỂ HÀI HÒA: Sự kết hợp tinh tế giữa xanh và trắng, kết hợp vòng benzen đính đá tinh tinh xảo. Viền trắng thép 316L tạo nên mặt đồng hồ đẹp như tạc. THIẾT KẾ KINH ĐIỂN: Đặc biệt bức tranh dãy núi Alpes hùng vĩ, cùng bầu trời cao vút. Tạo nên sức mạnh hùng vĩ từ trời Âu.', N'/image/sp161.jpg', 1)
INSERT [dbo].[SanPhams] ([Id], [LSPId], [brandId], [wireId], [machineId], [nccId], [name], [amount], [price], [description], [img], [status]) VALUES (122, 3, 3, 2, 1, 7, N'Đồng hồ nữ chính hãng Teintop T8685-1', 18, 2750000, N'Nhiệm vụ của Teintop không chỉ giới hạn trong việc quan tâm đến thế giới đồng hồ dành cho những người sành sỏi đồng hồ chất lượng và nổi bật mà còn là để giúp cho những người có đam mê với đồng hồ lựa chọn và đánh giá những sản phẩm chất lượng cao, những người mong muốn sở hữu những mẫu đồng hồ cổ điển sang trọng với giá cả hợp lý.', N'/image/sp40.jpg', 1)
INSERT [dbo].[SanPhams] ([Id], [LSPId], [brandId], [wireId], [machineId], [nccId], [name], [amount], [price], [description], [img], [status]) VALUES (123, 3, 4, 2, 1, 7, N'Đồng hồ nữ chính hãng KASSAW K991-1', 25, 4550000, N'Thành Hưng Watch - Tự hào là đơn vị phân phối độc quyền thương hiệu đồng hồ KASSAW tại Việt Nam.', N'/image/sp42.jpg', 1)
INSERT [dbo].[SanPhams] ([Id], [LSPId], [brandId], [wireId], [machineId], [nccId], [name], [amount], [price], [description], [img], [status]) VALUES (124, 3, 8, 2, 1, 6, N'Đồng hồ nữ chính hãng Mini Focus MF0329-2', 46, 1000000, N'Là sản phẩm của đất nước USA, nơi cội nguồn của nền công nghiệp thế giới nên tất cả các dòng sản phẩm Đồng hồ Teintop đều được trải qua quy trình kiểm định nghiêm ngặt nên chất lượng được đảm bảo tốt nhất. Đồng hồ Teintop chính hãng với chất lượng tốt và giá rẻ khi bước chân vào thị trường Việt Nam đã trở thành một hiện tượng mà rất nhiều người dùng biết đến. Nó đáp ứng được nhu cầu ngon - bổ - rẻ của người dùng tại Việt Nam vì thế Đồng hồ Teintop trở thành thương hiệu tầm trung bán chạy nhất tại Việt Nam.', N'/image/sp64.jpg', 1)
INSERT [dbo].[SanPhams] ([Id], [LSPId], [brandId], [wireId], [machineId], [nccId], [name], [amount], [price], [description], [img], [status]) VALUES (125, 3, 8, 2, 1, 6, N'Đồng hồ nữ chính hãng Mini Focus MF0047-1', 32, 950000, N'Là sản phẩm của đất nước USA, nơi cội nguồn của nền công nghiệp thế giới nên tất cả các dòng sản phẩm Đồng hồ Teintop đều được trải qua quy trình kiểm định nghiêm ngặt nên chất lượng được đảm bảo tốt nhất. Đồng hồ Teintop chính hãng với chất lượng tốt và giá rẻ khi bước chân vào thị trường Việt Nam đã trở thành một hiện tượng mà rất nhiều người dùng biết đến. Nó đáp ứng được nhu cầu ngon - bổ - rẻ của người dùng tại Việt Nam vì thế Đồng hồ Teintop trở thành thương hiệu tầm trung bán chạy nhất tại Việt Nam.', N'/image/sp65.jpg', 1)
INSERT [dbo].[SanPhams] ([Id], [LSPId], [brandId], [wireId], [machineId], [nccId], [name], [amount], [price], [description], [img], [status]) VALUES (126, 3, 8, 2, 1, 6, N'Đồng hồ nữ chính hãng Mini Focus MF0037-1', 37, 850000, N'Là sản phẩm của đất nước USA, nơi cội nguồn của nền công nghiệp thế giới nên tất cả các dòng sản phẩm Đồng hồ Teintop đều được trải qua quy trình kiểm định nghiêm ngặt nên chất lượng được đảm bảo tốt nhất. Đồng hồ Teintop chính hãng với chất lượng tốt và giá rẻ khi bước chân vào thị trường Việt Nam đã trở thành một hiện tượng mà rất nhiều người dùng biết đến. Nó đáp ứng được nhu cầu ngon - bổ - rẻ của người dùng tại Việt Nam vì thế Đồng hồ Teintop trở thành thương hiệu tầm trung bán chạy nhất tại Việt Nam.', N'/image/sp66.jpg', 1)
INSERT [dbo].[SanPhams] ([Id], [LSPId], [brandId], [wireId], [machineId], [nccId], [name], [amount], [price], [description], [img], [status]) VALUES (127, 3, 8, 2, 1, 6, N'Đồng hồ nữ chính hãng Mini Focus MF0038-4', 24, 750000, N'Là sản phẩm của đất nước USA, nơi cội nguồn của nền công nghiệp thế giới nên tất cả các dòng sản phẩm Đồng hồ Teintop đều được trải qua quy trình kiểm định nghiêm ngặt nên chất lượng được đảm bảo tốt nhất. Đồng hồ Teintop chính hãng với chất lượng tốt và giá rẻ khi bước chân vào thị trường Việt Nam đã trở thành một hiện tượng mà rất nhiều người dùng biết đến. Nó đáp ứng được nhu cầu ngon - bổ - rẻ của người dùng tại Việt Nam vì thế Đồng hồ Teintop trở thành thương hiệu tầm trung bán chạy nhất tại Việt Nam.', N'/image/sp67.jpg', 1)
INSERT [dbo].[SanPhams] ([Id], [LSPId], [brandId], [wireId], [machineId], [nccId], [name], [amount], [price], [description], [img], [status]) VALUES (128, 3, 8, 2, 1, 6, N'Đồng hồ nữ chính hãng Mini Focus MF0043-1', 27, 900000, N'Là sản phẩm của đất nước USA, nơi cội nguồn của nền công nghiệp thế giới nên tất cả các dòng sản phẩm Đồng hồ Teintop đều được trải qua quy trình kiểm định nghiêm ngặt nên chất lượng được đảm bảo tốt nhất. Đồng hồ Teintop chính hãng với chất lượng tốt và giá rẻ khi bước chân vào thị trường Việt Nam đã trở thành một hiện tượng mà rất nhiều người dùng biết đến. Nó đáp ứng được nhu cầu ngon - bổ - rẻ của người dùng tại Việt Nam vì thế Đồng hồ Teintop trở thành thương hiệu tầm trung bán chạy nhất tại Việt Nam.', N'/image/sp68.jpg', 1)
INSERT [dbo].[SanPhams] ([Id], [LSPId], [brandId], [wireId], [machineId], [nccId], [name], [amount], [price], [description], [img], [status]) VALUES (129, 3, 8, 2, 1, 6, N'Đồng hồ nữ chính hãng Mini Focus MF0039-2', 28, 800000, N'Là sản phẩm của đất nước USA, nơi cội nguồn của nền công nghiệp thế giới nên tất cả các dòng sản phẩm Đồng hồ Teintop đều được trải qua quy trình kiểm định nghiêm ngặt nên chất lượng được đảm bảo tốt nhất. Đồng hồ Teintop chính hãng với chất lượng tốt và giá rẻ khi bước chân vào thị trường Việt Nam đã trở thành một hiện tượng mà rất nhiều người dùng biết đến. Nó đáp ứng được nhu cầu ngon - bổ - rẻ của người dùng tại Việt Nam vì thế Đồng hồ Teintop trở thành thương hiệu tầm trung bán chạy nhất tại Việt Nam.', N'/image/sp69.jpg', 1)
INSERT [dbo].[SanPhams] ([Id], [LSPId], [brandId], [wireId], [machineId], [nccId], [name], [amount], [price], [description], [img], [status]) VALUES (130, 3, 8, 2, 1, 6, N'Đồng hồ nữ chính hãng Mini Focus MF0160-3', 21, 850000, N'Là sản phẩm của đất nước USA, nơi cội nguồn của nền công nghiệp thế giới nên tất cả các dòng sản phẩm Đồng hồ Teintop đều được trải qua quy trình kiểm định nghiêm ngặt nên chất lượng được đảm bảo tốt nhất. Đồng hồ Teintop chính hãng với chất lượng tốt và giá rẻ khi bước chân vào thị trường Việt Nam đã trở thành một hiện tượng mà rất nhiều người dùng biết đến. Nó đáp ứng được nhu cầu ngon - bổ - rẻ của người dùng tại Việt Nam vì thế Đồng hồ Teintop trở thành thương hiệu tầm trung bán chạy nhất tại Việt Nam.', N'/image/sp70.jpg', 1)
INSERT [dbo].[SanPhams] ([Id], [LSPId], [brandId], [wireId], [machineId], [nccId], [name], [amount], [price], [description], [img], [status]) VALUES (131, 3, 8, 2, 1, 6, N'Đồng hồ nữ chính hãng Mini Focus MF0265-2', 43, 1100000, N'Là sản phẩm của đất nước USA, nơi cội nguồn của nền công nghiệp thế giới nên tất cả các dòng sản phẩm Đồng hồ Teintop đều được trải qua quy trình kiểm định nghiêm ngặt nên chất lượng được đảm bảo tốt nhất. Đồng hồ Teintop chính hãng với chất lượng tốt và giá rẻ khi bước chân vào thị trường Việt Nam đã trở thành một hiện tượng mà rất nhiều người dùng biết đến. Nó đáp ứng được nhu cầu ngon - bổ - rẻ của người dùng tại Việt Nam vì thế Đồng hồ Teintop trở thành thương hiệu tầm trung bán chạy nhất tại Việt Nam.', N'/image/sp63.jpg', 1)
INSERT [dbo].[SanPhams] ([Id], [LSPId], [brandId], [wireId], [machineId], [nccId], [name], [amount], [price], [description], [img], [status]) VALUES (132, 2, 3, 1, 1, 6, N'Đồng hồ đôi chính hãng Teintop T7004-13', 21, 2990000, N'Là sản phẩm của đất nước USA, nơi cội nguồn của nền công nghiệp thế giới nên tất cả các dòng sản phẩm Đồng hồ Teintop đều được trải qua quy trình kiểm định nghiêm ngặt nên chất lượng được đảm bảo tốt nhất. Đồng hồ Teintop chính hãng với chất lượng tốt và giá rẻ khi bước chân vào thị trường Việt Nam đã trở thành một hiện tượng mà rất nhiều người dùng biết đến. Nó đáp ứng được nhu cầu ngon - bổ - rẻ của người dùng tại Việt Nam vì thế Đồng hồ Teintop trở thành thương hiệu tầm trung bán chạy nhất tại Việt Nam.', N'/image/sp71.jpg', 1)
INSERT [dbo].[SanPhams] ([Id], [LSPId], [brandId], [wireId], [machineId], [nccId], [name], [amount], [price], [description], [img], [status]) VALUES (133, 2, 3, 1, 1, 6, N'Đồng hồ đôi chính hãng Teintop T7004-15', 31, 2990000, N'Là sản phẩm của đất nước USA, nơi cội nguồn của nền công nghiệp thế giới nên tất cả các dòng sản phẩm Đồng hồ Teintop đều được trải qua quy trình kiểm định nghiêm ngặt nên chất lượng được đảm bảo tốt nhất. Đồng hồ Teintop chính hãng với chất lượng tốt và giá rẻ khi bước chân vào thị trường Việt Nam đã trở thành một hiện tượng mà rất nhiều người dùng biết đến. Nó đáp ứng được nhu cầu ngon - bổ - rẻ của người dùng tại Việt Nam vì thế Đồng hồ Teintop trở thành thương hiệu tầm trung bán chạy nhất tại Việt Nam.', N'/image/sp73.jpg', 1)
INSERT [dbo].[SanPhams] ([Id], [LSPId], [brandId], [wireId], [machineId], [nccId], [name], [amount], [price], [description], [img], [status]) VALUES (134, 2, 1, 1, 1, 6, N'Đồng hồ đôi chính hãng LOBINNI L3033-17', 46, 5500000, N'Lobinni luôn quan niệm chiếc đồng hồ là thứ ghi lại những khoảnh khắc quý giá nhất trong cuộc sống. Để có được những chiếc đồng hồ có chất lượng tốt nhất Lobinni luôn tuyển chọn những người thợ thủ công có tay nghề cao, ít nhất 10 năm kinh nghiệm trong ngành thiết kế và sản xuất đồng hồ.', N'/image/sp74.jpg', 1)
INSERT [dbo].[SanPhams] ([Id], [LSPId], [brandId], [wireId], [machineId], [nccId], [name], [amount], [price], [description], [img], [status]) VALUES (135, 2, 1, 1, 1, 6, N'Đồng hồ đôi chính hãng LOBINNI L3033-18', 42, 5500000, N'Lobinni luôn quan niệm chiếc đồng hồ là thứ ghi lại những khoảnh khắc quý giá nhất trong cuộc sống. Để có được những chiếc đồng hồ có chất lượng tốt nhất Lobinni luôn tuyển chọn những người thợ thủ công có tay nghề cao, ít nhất 10 năm kinh nghiệm trong ngành thiết kế và sản xuất đồng hồ.', N'/image/sp75.jpg', 1)
INSERT [dbo].[SanPhams] ([Id], [LSPId], [brandId], [wireId], [machineId], [nccId], [name], [amount], [price], [description], [img], [status]) VALUES (136, 2, 1, 1, 1, 5, N'Đồng hồ đôi chính hãng LOBINNI L3033-19', 27, 5500000, N'Lobinni luôn quan niệm chiếc đồng hồ là thứ ghi lại những khoảnh khắc quý giá nhất trong cuộc sống. Để có được những chiếc đồng hồ có chất lượng tốt nhất Lobinni luôn tuyển chọn những người thợ thủ công có tay nghề cao, ít nhất 10 năm kinh nghiệm trong ngành thiết kế và sản xuất đồng hồ.', N'/image/sp76.jpg', 1)
INSERT [dbo].[SanPhams] ([Id], [LSPId], [brandId], [wireId], [machineId], [nccId], [name], [amount], [price], [description], [img], [status]) VALUES (137, 2, 1, 1, 1, 5, N'Đồng hồ đôi chính hãng LOBINNI L3033-20', 52, 5500000, N'Lobinni luôn quan niệm chiếc đồng hồ là thứ ghi lại những khoảnh khắc quý giá nhất trong cuộc sống. Để có được những chiếc đồng hồ có chất lượng tốt nhất Lobinni luôn tuyển chọn những người thợ thủ công có tay nghề cao, ít nhất 10 năm kinh nghiệm trong ngành thiết kế và sản xuất đồng hồ.', N'/image/sp77.jpg', 1)
INSERT [dbo].[SanPhams] ([Id], [LSPId], [brandId], [wireId], [machineId], [nccId], [name], [amount], [price], [description], [img], [status]) VALUES (138, 2, 4, 1, 1, 5, N'Đồng hồ đôi chính hãng KASSAW K863-7', 18, 12500000, N'Thành Hưng Watch - Tự hào là đơn vị phân phối độc quyền thương hiệu đồng hồ KASSAW tại Việt Nam', N'/image/sp78.jpg', 1)
INSERT [dbo].[SanPhams] ([Id], [LSPId], [brandId], [wireId], [machineId], [nccId], [name], [amount], [price], [description], [img], [status]) VALUES (139, 2, 4, 1, 1, 5, N'Đồng hồ đôi chính hãng KASSAW K863-8', 26, 12500000, N'Thành Hưng Watch - Tự hào là đơn vị phân phối độc quyền thương hiệu đồng hồ KASSAW tại Việt Nam', N'/image/sp79.jpg', 1)
INSERT [dbo].[SanPhams] ([Id], [LSPId], [brandId], [wireId], [machineId], [nccId], [name], [amount], [price], [description], [img], [status]) VALUES (140, 2, 3, 1, 1, 6, N'Đồng hồ đôi chính hãng Teintop T7004-14', 35, 2990000, N'Là sản phẩm của đất nước USA, nơi cội nguồn của nền công nghiệp thế giới nên tất cả các dòng sản phẩm Đồng hồ Teintop đều được trải qua quy trình kiểm định nghiêm ngặt nên chất lượng được đảm bảo tốt nhất. Đồng hồ Teintop chính hãng với chất lượng tốt và giá rẻ khi bước chân vào thị trường Việt Nam đã trở thành một hiện tượng mà rất nhiều người dùng biết đến. Nó đáp ứng được nhu cầu ngon - bổ - rẻ của người dùng tại Việt Nam vì thế Đồng hồ Teintop trở thành thương hiệu tầm trung bán chạy nhất tại Việt Nam.', N'/image/sp72.jpg', 1)
INSERT [dbo].[SanPhams] ([Id], [LSPId], [brandId], [wireId], [machineId], [nccId], [name], [amount], [price], [description], [img], [status]) VALUES (141, 3, 1, 2, 1, 6, N'Đồng hồ nữ chính hãng LOBINNI L2010-1', 32, 4250000, N'Trải qua nhiều thập kỷ, Lobinni đã không ngừng phát triển và đã có những bước tiến vô cùng vuợt bậc. Trong đó có việc chế tạo thành công những chiếc đồng hồ Tourbillon đẳng cấp và sang trọng. Không ngừng học hỏi và ứng dụng nhiều công nghệ mới vào việc chế tác đồng hồ, do đó Đồng hồ Lobinni luôn được đánh giá cao và được nhiều người tiêu dùng ưa thích, lựa chọn.', N'/image/sp62.jpg', 1)
INSERT [dbo].[SanPhams] ([Id], [LSPId], [brandId], [wireId], [machineId], [nccId], [name], [amount], [price], [description], [img], [status]) VALUES (142, 3, 4, 2, 1, 6, N'Đồng hồ nữ chính hãng KASSAW K889-2', 24, 3550000, N'Thành Hưng Watch - Tự hào là nhà phân phối độc quyền thương hiệu đồng hồ KASSAW tại Việt Nam.', N'/image/sp61.jpg', 1)
INSERT [dbo].[SanPhams] ([Id], [LSPId], [brandId], [wireId], [machineId], [nccId], [name], [amount], [price], [description], [img], [status]) VALUES (143, 3, 4, 2, 1, 6, N'Đồng hồ nữ chính hãng KASSAW K889-1', 23, 3550000, N'Thành Hưng Watch - Tự hào là nhà phân phối độc quyền thương hiệu đồng hồ KASSAW tại Việt Nam.', N'/image/sp60.jpg', 1)
INSERT [dbo].[SanPhams] ([Id], [LSPId], [brandId], [wireId], [machineId], [nccId], [name], [amount], [price], [description], [img], [status]) VALUES (144, 3, 4, 1, 1, 7, N'Đồng hồ nữ chính hãng KASSAW K992-2', 22, 5350000, N'Thành Hưng Watch - Tự hào là đơn vị phân phối độc quyền thương hiệu đồng hồ KASSAW tại Việt Nam.', N'/image/sp43.jpg', 1)
INSERT [dbo].[SanPhams] ([Id], [LSPId], [brandId], [wireId], [machineId], [nccId], [name], [amount], [price], [description], [img], [status]) VALUES (145, 3, 4, 1, 1, 7, N'Đồng hồ nữ chính hãng KASSAW K992-1', 58, 5350000, N'Thành Hưng Watch - Tự hào là nhà phân phối độc quyền thương hiệu đồng hồ KASSAW tại Việt Nam.', N'/image/sp44.jpg', 1)
INSERT [dbo].[SanPhams] ([Id], [LSPId], [brandId], [wireId], [machineId], [nccId], [name], [amount], [price], [description], [img], [status]) VALUES (146, 3, 4, 1, 1, 7, N'Đồng hồ nữ chính hãng KASSAW K912-1', 17, 3550000, N'Thành Hưng Watch - Tự hào là nhà phân phối độc quyền thương hiệu đồng hồ KASSAW tại Việt Nam.', N'/image/sp45.jpg', 1)
INSERT [dbo].[SanPhams] ([Id], [LSPId], [brandId], [wireId], [machineId], [nccId], [name], [amount], [price], [description], [img], [status]) VALUES (147, 3, 4, 2, 1, 7, N'Đồng hồ nữ chính hãng KASSAW K912-2', 23, 3750000, N'Thành Hưng Watch - Tự hào là nhà phân phối độc quyền thương hiệu đồng hồ KASSAW tại Việt Nam.', N'/image/sp46.jpg', 1)
INSERT [dbo].[SanPhams] ([Id], [LSPId], [brandId], [wireId], [machineId], [nccId], [name], [amount], [price], [description], [img], [status]) VALUES (148, 3, 4, 1, 1, 7, N'Đồng hồ nữ chính hãng KASSAW K912-3', 23, 3550000, N'Thành Hưng Watch - Tự hào là nhà phân phối độc quyền thương hiệu đồng hồ KASSAW tại Việt Nam.', N'/image/sp47.jpg', 1)
INSERT [dbo].[SanPhams] ([Id], [LSPId], [brandId], [wireId], [machineId], [nccId], [name], [amount], [price], [description], [img], [status]) VALUES (149, 3, 4, 2, 1, 7, N'Đồng hồ nữ chính hãng KASSAW K912-4', 9, 3750000, N'Thành Hưng Watch - Tự hào là nhà phân phối độc quyền thương hiệu đồng hồ KASSAW tại Việt Nam.', N'/image/sp48.jpg', 1)
INSERT [dbo].[SanPhams] ([Id], [LSPId], [brandId], [wireId], [machineId], [nccId], [name], [amount], [price], [description], [img], [status]) VALUES (150, 3, 3, 2, 1, 7, N'Đồng hồ nữ chính hãng Teintop T8686-1', 25, 2750000, N'Đặc trưng đáng quan tâm nhất của thương hiệu Đồng hồ Teintop là sự kết hợp hài hòa giữa những giá trị cốt lõi của truyền thống và các mẫu mã tiên tiến. Điều này đã làm nên giá trị của Đồng hồ Teintop so với các dòng đồng hồ khác trên thị trường.', N'/image/sp49.jpg', 1)
INSERT [dbo].[SanPhams] ([Id], [LSPId], [brandId], [wireId], [machineId], [nccId], [name], [amount], [price], [description], [img], [status]) VALUES (151, 3, 3, 2, 1, 7, N'Đồng hồ nữ chính hãng Teintop T8686-2', 38, 2700000, N'Đặc trưng đáng quan tâm nhất của thương hiệu Đồng hồ Teintop là sự kết hợp hài hòa giữa những giá trị cốt lõi của truyền thống và các mẫu mã tiên tiến. Điều này đã làm nên giá trị của Đồng hồ Teintop so với các dòng đồng hồ khác trên thị trường.', N'/image/sp50.jpg', 1)
INSERT [dbo].[SanPhams] ([Id], [LSPId], [brandId], [wireId], [machineId], [nccId], [name], [amount], [price], [description], [img], [status]) VALUES (152, 3, 3, 2, 1, 7, N'Đồng hồ nữ chính hãng Teintop T8686-3', 18, 2600000, N'Là sản phẩm của đất nước USA, nơi cội nguồn của nền công nghiệp thế giới nên tất cả các dòng sản phẩm Đồng hồ Teintop đều được trải qua quy trình kiểm định nghiêm ngặt nên chất lượng được đảm bảo tốt nhất. Đồng hồ Teintop chính hãng với chất lượng tốt và giá rẻ khi bước chân vào thị trường Việt Nam đã trở thành một hiện tượng mà rất nhiều người dùng biết đến. Nó đáp ứng được nhu cầu ngon - bổ - rẻ của người dùng tại Việt Nam vì thế Đồng hồ Teintop trở thành thương hiệu tầm trung bán chạy nhất tại Việt Nam.', N'/image/sp51.jpg', 1)
INSERT [dbo].[SanPhams] ([Id], [LSPId], [brandId], [wireId], [machineId], [nccId], [name], [amount], [price], [description], [img], [status]) VALUES (153, 3, 7, 1, 1, 7, N'Đồng hồ nữ chính hãng LORBERN No.6806L-1', 37, 2650000, N'Là sản phẩm của đất nước USA, nơi cội nguồn của nền công nghiệp thế giới nên tất cả các dòng sản phẩm Đồng hồ Teintop đều được trải qua quy trình kiểm định nghiêm ngặt nên chất lượng được đảm bảo tốt nhất. Đồng hồ Teintop chính hãng với chất lượng tốt và giá rẻ khi bước chân vào thị trường Việt Nam đã trở thành một hiện tượng mà rất nhiều người dùng biết đến. Nó đáp ứng được nhu cầu ngon - bổ - rẻ của người dùng tại Việt Nam vì thế Đồng hồ Teintop trở thành thương hiệu tầm trung bán chạy nhất tại Việt Nam.', N'/image/sp52.jpg', 1)
INSERT [dbo].[SanPhams] ([Id], [LSPId], [brandId], [wireId], [machineId], [nccId], [name], [amount], [price], [description], [img], [status]) VALUES (154, 3, 7, 1, 1, 7, N'Đồng hồ nữ chính hãng LORBERN No.6806L-2', 25, 2650000, N'Là sản phẩm của đất nước USA, nơi cội nguồn của nền công nghiệp thế giới nên tất cả các dòng sản phẩm Đồng hồ Teintop đều được trải qua quy trình kiểm định nghiêm ngặt nên chất lượng được đảm bảo tốt nhất. Đồng hồ Teintop chính hãng với chất lượng tốt và giá rẻ khi bước chân vào thị trường Việt Nam đã trở thành một hiện tượng mà rất nhiều người dùng biết đến. Nó đáp ứng được nhu cầu ngon - bổ - rẻ của người dùng tại Việt Nam vì thế Đồng hồ Teintop trở thành thương hiệu tầm trung bán chạy nhất tại Việt Nam.', N'/image/sp53.jpg', 1)
INSERT [dbo].[SanPhams] ([Id], [LSPId], [brandId], [wireId], [machineId], [nccId], [name], [amount], [price], [description], [img], [status]) VALUES (155, 3, 1, 1, 1, 6, N'Đồng hồ nữ chính hãng LOBINNI L026-2', 41, 3550000, N'Lobinni luôn quan niệm chiếc đồng hồ là thứ ghi lại những khoảnh khắc quý giá nhất trong cuộc sống. Để có được những chiếc đồng hồ có chất lượng tốt nhất Lobinni luôn tuyển chọn những người thợ thủ công có tay nghề cao, ít nhất 10 năm kinh nghiệm trong ngành thiết kế và sản xuất đồng hồ.', N'/image/sp54.jpg', 1)
INSERT [dbo].[SanPhams] ([Id], [LSPId], [brandId], [wireId], [machineId], [nccId], [name], [amount], [price], [description], [img], [status]) VALUES (156, 3, 7, 1, 1, 6, N'Đồng hồ nữ chính hãng LORBERN IBV6806-1', 29, 2950000, N'Là sản phẩm của đất nước USA, nơi cội nguồn của nền công nghiệp thế giới nên tất cả các dòng sản phẩm Đồng hồ Teintop đều được trải qua quy trình kiểm định nghiêm ngặt nên chất lượng được đảm bảo tốt nhất. Đồng hồ Teintop chính hãng với chất lượng tốt và giá rẻ khi bước chân vào thị trường Việt Nam đã trở thành một hiện tượng mà rất nhiều người dùng biết đến. Nó đáp ứng được nhu cầu ngon - bổ - rẻ của người dùng tại Việt Nam vì thế Đồng hồ Teintop trở thành thương hiệu tầm trung bán chạy nhất tại Việt Nam.', N'/image/sp55.jpg', 1)
INSERT [dbo].[SanPhams] ([Id], [LSPId], [brandId], [wireId], [machineId], [nccId], [name], [amount], [price], [description], [img], [status]) VALUES (157, 3, 7, 1, 1, 6, N'Đồng hồ nữ chính hãng LORBERN IBV6806-2', 30, 2950000, N'Là sản phẩm của đất nước USA, nơi cội nguồn của nền công nghiệp thế giới nên tất cả các dòng sản phẩm Đồng hồ Teintop đều được trải qua quy trình kiểm định nghiêm ngặt nên chất lượng được đảm bảo tốt nhất. Đồng hồ Teintop chính hãng với chất lượng tốt và giá rẻ khi bước chân vào thị trường Việt Nam đã trở thành một hiện tượng mà rất nhiều người dùng biết đến. Nó đáp ứng được nhu cầu ngon - bổ - rẻ của người dùng tại Việt Nam vì thế Đồng hồ Teintop trở thành thương hiệu tầm trung bán chạy nhất tại Việt Nam.', N'/image/sp56.jpg', 1)
INSERT [dbo].[SanPhams] ([Id], [LSPId], [brandId], [wireId], [machineId], [nccId], [name], [amount], [price], [description], [img], [status]) VALUES (158, 3, 1, 2, 1, 6, N'Đồng hồ nữ chính hãng LOBINNI L2016-1', 43, 4650000, N'Lobinni luôn quan niệm chiếc đồng hồ là thứ ghi lại những khoảnh khắc quý giá nhất trong cuộc sống. Để có được những chiếc đồng hồ có chất lượng tốt nhất Lobinni luôn tuyển chọn những người thợ thủ công có tay nghề cao, ít nhất 10 năm kinh nghiệm trong ngành thiết kế và sản xuất đồng hồ.', N'/image/sp57.jpg', 1)
INSERT [dbo].[SanPhams] ([Id], [LSPId], [brandId], [wireId], [machineId], [nccId], [name], [amount], [price], [description], [img], [status]) VALUES (159, 3, 1, 1, 1, 6, N'Đồng hồ nữ chính hãng LOBINNI L5016-5', 38, 6750000, N'Lobinni cam kết chất lượng của sản phẩm luôn là tiêu chí hàng đầu. Mỗi sản phẩm được tạo ra đều xuất phát từ cảm xúc của nghệ nhân sáng tác. Với mỗi chiếc đồng hồ tạo ra chúng đánh dấu khoảng khắc quý giá của của các nghệ nhân và là một phần lịch sử thương hiệu trong chặng đường chinh phục trái tim người yêu đồng hồ.', N'/image/sp58.jpg', 1)
INSERT [dbo].[SanPhams] ([Id], [LSPId], [brandId], [wireId], [machineId], [nccId], [name], [amount], [price], [description], [img], [status]) VALUES (160, 3, 1, 2, 1, 6, N'Đồng hồ nữ chính hãng LOBINNI L2006-1', 57, 3950000, N'Lobinni cam kết chất lượng của sản phẩm luôn là tiêu chí hàng đầu. Mỗi sản phẩm được tạo ra đều xuất phát từ cảm xúc của nghệ nhân sáng tác. Với mỗi chiếc đồng hồ tạo ra chúng đánh dấu khoảng khắc quý giá của của các nghệ nhân và là một phần lịch sử thương hiệu trong chặng đường chinh phục trái tim người yêu đồng hồ.', N'/image/sp59.jpg', 1)
INSERT [dbo].[SanPhams] ([Id], [LSPId], [brandId], [wireId], [machineId], [nccId], [name], [amount], [price], [description], [img], [status]) VALUES (161, 3, 3, 2, 1, 7, N'Đồng hồ nữ chính hãng Teintop T8629-7', 22, 2600000, N'Nhiệm vụ của Teintop không chỉ giới hạn trong việc quan tâm đến thế giới đồng hồ dành cho những người sành sỏi đồng hồ chất lượng và nổi bật mà còn là để giúp cho những người có đam mê với đồng hồ lựa chọn và đánh giá những sản phẩm chất lượng cao, những người mong muốn sở hữu những mẫu đồng hồ cổ điển sang trọng với giá cả hợp lý.', N'/image/sp41.jpg', 1)
INSERT [dbo].[SanPhams] ([Id], [LSPId], [brandId], [wireId], [machineId], [nccId], [name], [amount], [price], [description], [img], [status]) VALUES (162, 5, 5, 3, 1, 2, N'Đồng hồ trang trí bản đồ thế giới DH71', 34, 1750000, N'TỔNG THỂ HÀI HÒA: Sự kết hợp tinh tế giữa xanh và trắng, kết hợp vòng benzen đính đá tinh tinh xảo. Viền trắng thép 316L tạo nên mặt đồng hồ đẹp như tạc. THIẾT KẾ KINH ĐIỂN: Đặc biệt bức tranh dãy núi Alpes hùng vĩ, cùng bầu trời cao vút. Tạo nên sức mạnh hùng vĩ từ trời Âu.', N'/image/sp162.jpg', 1)
SET IDENTITY_INSERT [dbo].[SanPhams] OFF
SET IDENTITY_INSERT [dbo].[PhieuNhaps] ON 

INSERT [dbo].[PhieuNhaps] ([Id], [nccId], [NVuser], [phone], [address], [date_receice], [total], [status]) VALUES (1, 4, N'ql01', N'0364117408', N'Hồ Chí Minh', CAST(N'2020-05-08 05:04:06.0000000' AS DateTime2), 48000000, 1)
INSERT [dbo].[PhieuNhaps] ([Id], [nccId], [NVuser], [phone], [address], [date_receice], [total], [status]) VALUES (2, 3, N'nh01', N'0364117408', N'Hồ Chí Minh', CAST(N'2020-05-08 05:04:06.0000000' AS DateTime2), 52800000, 1)
INSERT [dbo].[PhieuNhaps] ([Id], [nccId], [NVuser], [phone], [address], [date_receice], [total], [status]) VALUES (3, 2, N'nh01', N'0364117408', N'Hồ Chí Minh', CAST(N'2020-05-08 05:04:06.0000000' AS DateTime2), 45500000, 1)
INSERT [dbo].[PhieuNhaps] ([Id], [nccId], [NVuser], [phone], [address], [date_receice], [total], [status]) VALUES (4, 5, N'nh01', N'0364117408', N'Bình Định', CAST(N'2020-05-08 05:04:06.0000000' AS DateTime2), 54800000, 1)
SET IDENTITY_INSERT [dbo].[PhieuNhaps] OFF
INSERT [dbo].[ChiTietHDs] ([billId], [productId], [name], [amount], [price], [img]) VALUES (1, 1, N'Đồng hồ nam chính hãng LOBINNI L17511-1', 1, 5480000, N'/image/sp1.jpg')
INSERT [dbo].[ChiTietHDs] ([billId], [productId], [name], [amount], [price], [img]) VALUES (2, 7, N'Đồng hồ nam chính hãng LOBINNI L9010-3', 1, 5280000, N'/image/sp6.jpg')
INSERT [dbo].[ChiTietHDs] ([billId], [productId], [name], [amount], [price], [img]) VALUES (3, 2, N'Đồng hồ nam chính hãng LOBINNI L12032-1', 1, 4550000, N'/image/sp2.jpg')
INSERT [dbo].[ChiTietHDs] ([billId], [productId], [name], [amount], [price], [img]) VALUES (3, 5, N'Đồng hồ nam chính hãng LOBINNI L9010-1', 1, 5280000, N'/image/sp3.jpg')
INSERT [dbo].[ChiTietHDs] ([billId], [productId], [name], [amount], [price], [img]) VALUES (4, 5, N'Đồng hồ nam chính hãng LOBINNI L16050-2', 1, 4800000, N'/image/sp4.jpg')
INSERT [dbo].[ChiTietHDs] ([billId], [productId], [name], [amount], [price], [img]) VALUES (4, 6, N'Đồng hồ nam chính hãng LOBINNI L18016-1', 1, 4850000, N'/image/sp5.jpg')
INSERT [dbo].[ChiTietPNs] ([couponId], [productId], [name], [amount], [price], [img]) VALUES (1, 28, N'Đồng hồ nam chính hãng LOBINNI L16050-2', 10, 4800000, N'/image/sp4.jpg')
INSERT [dbo].[ChiTietPNs] ([couponId], [productId], [name], [amount], [price], [img]) VALUES (2, 107, N'Đồng hồ nam chính hãng LOBINNI L9010-1', 10, 5280000, N'/image/sp3.jpg')
INSERT [dbo].[ChiTietPNs] ([couponId], [productId], [name], [amount], [price], [img]) VALUES (3, 108, N'Đồng hồ nam chính hãng LOBINNI L12032-1', 10, 4550000, N'/image/sp2.jpg')
INSERT [dbo].[ChiTietPNs] ([couponId], [productId], [name], [amount], [price], [img]) VALUES (4, 109, N'Đồng hồ nam chính hãng LOBINNI L17511-1', 10, 5480000, N'/image/sp1.jpg')
INSERT [dbo].[__EFMigrationsHistory] ([MigrationId], [ProductVersion]) VALUES (N'20211120023940_CreateDatabase', N'5.0.11')
